Economy ISO3,Economy Name,Indicator ID,Indicator,Attribute 1,2007,2008,2009,2010,2011,2012,2013,2014,2015,2016,2017
,,,,,,,,,,,,,,,
ALB,Albania,WEF.GCIHH.EOSQ057,"Quality of roads, 1-7 (best)",Value,2.24,2.36,2.84,3.51,4.2,4.29,3.85,3.94,4.33,4.35,4.3
,,,,,,,,,,,,,,,
ALB,Albania,WEF.GCIHH.EOSQ061,"Quality of air transport infrastructure, 1-7 (best)",Value,3.63,4.35,4.79,4.94,5.05,4.76,4.31,4.44,4.69,4.36,4.13
,,,,,,,,,,,,,,,
ALB,Albania,WEF.GCIHH.EOSQ353,"Quality of port infrastructure, 1-7 (best)",Value,2.07,2.44,3.22,3.54,3.87,3.72,3.47,3.74,4.15,4.22,4.13
,,,,,,,,,,,,,,,
ALB,Albania,WEF.GCIHH.EOSQrailroad,"Quality of railroad infrastructure, 1-7 (best)",Value,0,0,1.43,1.3,1.1,1.2,1.18,1.13,1.34,1.35,1.19
,,,,,,,,,,,,,,,
DZA,Algeria,WEF.GCIHH.EOSQ057,"Quality of roads, 1-7 (best)",Value,3.07,3.26,3.25,3.89,3.76,3.42,3.29,3.13,3.18,3.24,3.49
,,,,,,,,,,,,,,,
DZA,Algeria,WEF.GCIHH.EOSQ061,"Quality of air transport infrastructure, 1-7 (best)",Value,3.69,3.54,3.35,3.9,3.79,3.32,3.01,2.97,3.04,3.24,3.69
,,,,,,,,,,,,,,,
DZA,Algeria,WEF.GCIHH.EOSQ353,"Quality of port infrastructure, 1-7 (best)",Value,3.27,3.08,2.9,3.2,3.03,2.74,2.7,2.83,2.99,3.17,3.44
,,,,,,,,,,,,,,,
DZA,Algeria,WEF.GCIHH.EOSQrailroad,"Quality of railroad infrastructure, 1-7 (best)",Value,0,0,2.38,2.66,2.59,2.03,2.33,2.7,2.74,2.97,3.42
,,,,,,,,,,,,,,,
AGO,Angola,WEF.GCIHH.EOSQ057,"Quality of roads, 1-7 (best)",Value,0,0,0,2.79,2.47,0,2.35,2.26,0,0,0
,,,,,,,,,,,,,,,
AGO,Angola,WEF.GCIHH.EOSQ061,"Quality of air transport infrastructure, 1-7 (best)",Value,0,0,0,3,3.05,0,3.38,3.3,0,0,0
,,,,,,,,,,,,,,,
AGO,Angola,WEF.GCIHH.EOSQ353,"Quality of port infrastructure, 1-7 (best)",Value,0,0,0,2.07,2.29,0,2.94,2.68,0,0,0
,,,,,,,,,,,,,,,
AGO,Angola,WEF.GCIHH.EOSQrailroad,"Quality of railroad infrastructure, 1-7 (best)",Value,0,0,0,1.4,1.55,0,1.67,0,0,0,0
,,,,,,,,,,,,,,,
ARG,Argentina,WEF.GCIHH.EOSQ057,"Quality of roads, 1-7 (best)",Value,2.93,2.85,3.2,3.33,3.18,3.05,3.07,3.04,3.09,3.15,3.28
,,,,,,,,,,,,,,,
ARG,Argentina,WEF.GCIHH.EOSQ061,"Quality of air transport infrastructure, 1-7 (best)",Value,3.24,3.1,3.43,3.56,3.46,3.53,3.56,3.58,3.85,4.06,4.17
,,,,,,,,,,,,,,,
ARG,Argentina,WEF.GCIHH.EOSQ353,"Quality of port infrastructure, 1-7 (best)",Value,3.2,3.33,3.64,3.76,3.71,3.65,3.67,3.69,3.83,3.8,3.72
,,,,,,,,,,,,,,,
ARG,Argentina,WEF.GCIHH.EOSQrailroad,"Quality of railroad infrastructure, 1-7 (best)",Value,0,0,2.04,2.05,1.99,1.74,1.7,1.73,1.94,2.13,2.12
,,,,,,,,,,,,,,,
ARM,Armenia,WEF.GCIHH.EOSQ057,"Quality of roads, 1-7 (best)",Value,3.14,3.2,3.55,3.41,3.34,3.65,3.68,3.71,3.82,3.78,3.67
,,,,,,,,,,,,,,,
ARM,Armenia,WEF.GCIHH.EOSQ061,"Quality of air transport infrastructure, 1-7 (best)",Value,3.94,4.18,4.51,4.46,4.46,4.68,4.53,4.27,4.01,4.38,4.8
,,,,,,,,,,,,,,,
ARM,Armenia,WEF.GCIHH.EOSQ353,"Quality of port infrastructure, 1-7 (best)",Value,2.82,2.72,2.91,2.87,2.68,3.02,3.05,2.47,2.13,2.37,2.48
,,,,,,,,,,,,,,,
ARM,Armenia,WEF.GCIHH.EOSQrailroad,"Quality of railroad infrastructure, 1-7 (best)",Value,0,0,1.93,2.22,2.53,2.62,2.6,2.6,2.6,2.74,2.85
,,,,,,,,,,,,,,,
AUS,Australia,WEF.GCIHH.EOSQ057,"Quality of roads, 1-7 (best)",Value,5.33,5.08,5.01,5.33,5.1,5.06,4.94,4.75,4.72,4.76,4.81
,,,,,,,,,,,,,,,
AUS,Australia,WEF.GCIHH.EOSQ061,"Quality of air transport infrastructure, 1-7 (best)",Value,6.05,6.02,5.83,5.81,5.85,5.81,5.56,5.5,5.48,5.28,5.23
,,,,,,,,,,,,,,,
AUS,Australia,WEF.GCIHH.EOSQ353,"Quality of port infrastructure, 1-7 (best)",Value,5.05,4.77,4.65,4.86,5.07,5.13,4.97,5,4.99,4.86,4.88
,,,,,,,,,,,,,,,
AUS,Australia,WEF.GCIHH.EOSQrailroad,"Quality of railroad infrastructure, 1-7 (best)",Value,0,0,4.07,4.37,4.33,4.28,4.14,3.96,3.9,3.96,4.07
,,,,,,,,,,,,,,,
AUT,Austria,WEF.GCIHH.EOSQ057,"Quality of roads, 1-7 (best)",Value,6.16,6.37,6.45,6.32,6.24,6.3,6.22,6.27,6.14,5.99,5.95
,,,,,,,,,,,,,,,
AUT,Austria,WEF.GCIHH.EOSQ061,"Quality of air transport infrastructure, 1-7 (best)",Value,5.89,6.21,6.17,5.95,5.93,5.76,5.4,5.41,5.36,5.32,5.21
,,,,,,,,,,,,,,,
AUT,Austria,WEF.GCIHH.EOSQ353,"Quality of port infrastructure, 1-7 (best)",Value,4.97,5.01,4.98,4.78,4.73,4.91,4.72,4.35,4.02,3.92,3.87
,,,,,,,,,,,,,,,
AUT,Austria,WEF.GCIHH.EOSQrailroad,"Quality of railroad infrastructure, 1-7 (best)",Value,0,0,5.54,5.29,5.29,5.26,5.22,5.29,5.29,5.32,5.26
,,,,,,,,,,,,,,,
AZE,Azerbaijan,WEF.GCIHH.EOSQ057,"Quality of roads, 1-7 (best)",Value,3.46,3.69,3.94,3.82,3.76,4.02,3.99,3.96,3.96,4.44,4.78
,,,,,,,,,,,,,,,
AZE,Azerbaijan,WEF.GCIHH.EOSQ061,"Quality of air transport infrastructure, 1-7 (best)",Value,5.08,5.18,5.16,4.87,5.03,5.04,5.1,5.03,5.03,5.32,5.61
,,,,,,,,,,,,,,,
AZE,Azerbaijan,WEF.GCIHH.EOSQ353,"Quality of port infrastructure, 1-7 (best)",Value,4.41,4.23,4.2,4.19,4.05,3.99,4.48,4.26,4.26,4.31,4.75
,,,,,,,,,,,,,,,
AZE,Azerbaijan,WEF.GCIHH.EOSQrailroad,"Quality of railroad infrastructure, 1-7 (best)",Value,0,0,3.96,3.88,3.88,3.94,3.93,3.81,3.81,4.15,4.69
,,,,,,,,,,,,,,,
BHR,Bahrain,WEF.GCIHH.EOSQ057,"Quality of roads, 1-7 (best)",Value,4.9,5.23,5.6,5.47,5.69,5.82,5.43,5.37,5.4,5.14,5.14
,,,,,,,,,,,,,,,
BHR,Bahrain,WEF.GCIHH.EOSQ061,"Quality of air transport infrastructure, 1-7 (best)",Value,5.72,6.01,5.99,6.03,6.11,6.03,5.64,5.25,4.97,4.87,4.87
,,,,,,,,,,,,,,,
BHR,Bahrain,WEF.GCIHH.EOSQ353,"Quality of port infrastructure, 1-7 (best)",Value,5.33,5.36,5.55,5.84,6.04,6.01,5.79,5.67,5.4,5.09,5.09
,,,,,,,,,,,,,,,
BGD,Bangladesh,WEF.GCIHH.EOSQ057,"Quality of roads, 1-7 (best)",Value,3.06,2.84,2.91,3,2.92,2.8,2.8,2.88,2.9,2.92,3.07
,,,,,,,,,,,,,,,
BGD,Bangladesh,WEF.GCIHH.EOSQ061,"Quality of air transport infrastructure, 1-7 (best)",Value,3,3.38,3.39,3.5,3.55,3.46,3.22,3.02,3.16,3.25,3.34
,,,,,,,,,,,,,,,
BGD,Bangladesh,WEF.GCIHH.EOSQ353,"Quality of port infrastructure, 1-7 (best)",Value,2.4,2.57,2.98,3.39,3.36,3.27,3.54,3.68,3.56,3.54,3.62
,,,,,,,,,,,,,,,
BGD,Bangladesh,WEF.GCIHH.EOSQrailroad,"Quality of railroad infrastructure, 1-7 (best)",Value,0,0,2.33,2.45,2.5,2.48,2.44,2.39,2.5,2.65,2.94
,,,,,,,,,,,,,,,
BRB,Barbados,WEF.GCIHH.EOSQ057,"Quality of roads, 1-7 (best)",Value,4.67,5.03,5.12,5.26,5.39,5.15,5.08,5.06,0,4.45,0
,,,,,,,,,,,,,,,
BRB,Barbados,WEF.GCIHH.EOSQ061,"Quality of air transport infrastructure, 1-7 (best)",Value,6.03,6.09,6.13,6.19,6.26,6.28,5.97,5.65,0,5.34,0
,,,,,,,,,,,,,,,
BRB,Barbados,WEF.GCIHH.EOSQ353,"Quality of port infrastructure, 1-7 (best)",Value,5.42,5.51,5.49,5.55,5.6,5.61,5.59,5.33,0,4.91,0
,,,,,,,,,,,,,,,
BEL,Belgium,WEF.GCIHH.EOSQ057,"Quality of roads, 1-7 (best)",Value,6,5.88,5.78,5.47,5.36,5.47,5.39,5.25,5.14,4.88,4.51
,,,,,,,,,,,,,,,
BEL,Belgium,WEF.GCIHH.EOSQ061,"Quality of air transport infrastructure, 1-7 (best)",Value,6,6.11,6.16,6.18,6.22,6.16,5.97,5.9,5.84,5.7,5.68
,,,,,,,,,,,,,,,
BEL,Belgium,WEF.GCIHH.EOSQ353,"Quality of port infrastructure, 1-7 (best)",Value,6.38,6.3,6.34,6.4,6.45,6.33,6.28,6.37,6.31,6.3,6.14
,,,,,,,,,,,,,,,
BEL,Belgium,WEF.GCIHH.EOSQrailroad,"Quality of railroad infrastructure, 1-7 (best)",Value,0,0,5.61,5.48,5.36,5.19,4.96,4.92,4.89,4.88,4.79
,,,,,,,,,,,,,,,
BLZ,Belize,WEF.GCIHH.EOSQ057,"Quality of roads, 1-7 (best)",Value,0,0,0,0,3.04,0,0,0,0,0,0
,,,,,,,,,,,,,,,
BLZ,Belize,WEF.GCIHH.EOSQ061,"Quality of air transport infrastructure, 1-7 (best)",Value,0,0,0,0,4.39,0,0,0,0,0,0
,,,,,,,,,,,,,,,
BLZ,Belize,WEF.GCIHH.EOSQ353,"Quality of port infrastructure, 1-7 (best)",Value,0,0,0,0,3.34,0,0,0,0,0,0
,,,,,,,,,,,,,,,
,,,,,,,,,,,,,,,
,,,,,,,,,,,,,,,
,,,,,,,,,,,,,,,
,,,,,,,,,,,,,,,
BTN,Bhutan,WEF.GCIHH.EOSQ057,"Quality of roads, 1-7 (best)",Value,0,0,0,0,0,0,4.3,4.31,4.01,3.81,4.09
,,,,,,,,,,,,,,,
BTN,Bhutan,WEF.GCIHH.EOSQ061,"Quality of air transport infrastructure, 1-7 (best)",Value,0,0,0,0,0,0,3.47,3.51,3.51,3.69,4.12
,,,,,,,,,,,,,,,
BTN,Bhutan,WEF.GCIHH.EOSQ353,"Quality of port infrastructure, 1-7 (best)",Value,0,0,0,0,0,0,2.23,2.12,1.83,1.86,2
,,,,,,,,,,,,,,,
BOL,Bolivia,WEF.GCIHH.EOSQ057,"Quality of roads, 1-7 (best)",Value,1.93,1.86,2.19,2.6,2.99,3.13,3.4,3.35,3.07,3.11,0
,,,,,,,,,,,,,,,
BOL,Bolivia,WEF.GCIHH.EOSQ061,"Quality of air transport infrastructure, 1-7 (best)",Value,3.07,3.11,3.46,3.85,3.76,3.48,3.46,3.21,3.43,3.91,0
,,,,,,,,,,,,,,,
BOL,Bolivia,WEF.GCIHH.EOSQ353,"Quality of port infrastructure, 1-7 (best)",Value,3.33,3.22,2.95,2.87,3.13,3.26,2.46,2.01,2.08,2.24,0
,,,,,,,,,,,,,,,
BOL,Bolivia,WEF.GCIHH.EOSQrailroad,"Quality of railroad infrastructure, 1-7 (best)",Value,0,0,1.72,1.73,2.53,3.02,2.81,2.54,2.16,1.91,0
,,,,,,,,,,,,,,,
,,,,,,,,,,,,,,,
,,,,,,,,,,,,,,,
,,,,,,,,,,,,,,,
,,,,,,,,,,,92,95,109,105,
BWA,Botswana,WEF.GCIHH.EOSQ057,"Quality of roads, 1-7 (best)",Value,4.19,4.45,4.45,4.57,4.43,4.39,4.26,3.98,3.95,4.13,3.82
,,,,,,,,,,,117,120,110,96,
BWA,Botswana,WEF.GCIHH.EOSQ061,"Quality of air transport infrastructure, 1-7 (best)",Value,3.75,3.82,3.81,3.96,4.1,4.09,4.01,3.74,3.62,4.01,4.05
,,,,,,,,,,,142,141,134,126,
BWA,Botswana,WEF.GCIHH.EOSQ353,"Quality of port infrastructure, 1-7 (best)",Value,4.13,4.16,3.72,3.81,3.86,3.69,3.57,3.01,2.72,3.02,3.07
,,,,,,,,,,,61,70,87,92,
BWA,Botswana,WEF.GCIHH.EOSQrailroad,"Quality of railroad infrastructure, 1-7 (best)",Value,0,0,3.86,3.48,2.96,3.05,2.86,2.79,3.01,3.24,3.28
,,,,,,,,,,,120,122,121,111,103
BRA,Brazil,WEF.GCIHH.EOSQ057,"Quality of roads, 1-7 (best)",Value,2.34,2.48,2.75,2.93,2.79,2.66,2.77,2.75,2.75,2.96,3.12
,,,,,,,,,,,123,113,95,95,95
BRA,Brazil,WEF.GCIHH.EOSQ061,"Quality of air transport infrastructure, 1-7 (best)",Value,3.98,3.71,4.06,3.98,3.35,3.04,3.28,3.43,3.79,3.92,3.93
,,,,,,,,,,,131,122,120,114,106
BRA,Brazil,WEF.GCIHH.EOSQ353,"Quality of port infrastructure, 1-7 (best)",Value,2.63,2.52,2.65,2.94,2.74,2.64,2.71,2.68,2.71,2.91,3.15
,,,,,,,,,,,103,95,98,93,88
BRA,Brazil,WEF.GCIHH.EOSQrailroad,"Quality of railroad infrastructure, 1-7 (best)",Value,0,0,1.83,1.94,1.95,1.79,1.76,1.74,1.75,1.89,2.02
,,,,,,,,,,,33,33,,49,
,,,,,,,,,,,15,22,,32,
,,,,,,,,,,,18,28,,35,
,,,,,,,,,,,35,,,41,33
,,,,,,,,,,,55,,,84,63
BGR,Bulgaria,WEF.GCIHH.EOSQ057,"Quality of roads, 1-7 (best)",Value,2.42,2.3,2.17,2.08,2.11,2.54,2.95,3.14,3.28,3.37,3.36
,,,,,,,,,,,49,,,87,74
BGR,Bulgaria,WEF.GCIHH.EOSQ061,"Quality of air transport infrastructure, 1-7 (best)",Value,3.52,3.64,3.75,4.1,4.15,4,4.19,4.32,4.05,4.14,4.26
,,,,,,,,,,,,,,,
BGR,Bulgaria,WEF.GCIHH.EOSQ353,"Quality of port infrastructure, 1-7 (best)",Value,3.58,3.67,3.62,3.79,3.75,3.66,3.92,4.18,3.91,4.01,4.12
,,,,,,,,,,,57,56,67,80,67
BGR,Bulgaria,WEF.GCIHH.EOSQrailroad,"Quality of railroad infrastructure, 1-7 (best)",Value,0,0,2.94,3.13,2.99,3.04,3.05,3.03,3.12,3.05,3.01
,,,,,,,,,,,115,110,109,104,84
BFA,Burkina Faso,WEF.GCIHH.EOSQ057,"Quality of roads, 1-7 (best)",Value,2.36,2.68,2.77,2.59,2.5,2.61,2.57,2.46,0,0,0
,,,,,,,,,,,146,139,136,134,133
BFA,Burkina Faso,WEF.GCIHH.EOSQ061,"Quality of air transport infrastructure, 1-7 (best)",Value,3.4,3.53,3.04,2.97,3.09,3.31,3.08,3.03,0,0,0
,,,,,,,,,,,59,67,71,62,80
BFA,Burkina Faso,WEF.GCIHH.EOSQ353,"Quality of port infrastructure, 1-7 (best)",Value,3.93,3.94,4,3.93,3.66,3.6,3.52,3.13,0,0,0
,,,,,,,,,,,94,101,103,89,88
BFA,Burkina Faso,WEF.GCIHH.EOSQrailroad,"Quality of railroad infrastructure, 1-7 (best)",Value,0,0,1.99,1.75,1.84,2,1.82,1.83,0,0,0
,,,,,,,,,,,102,114,118,109,109
BDI,Burundi,WEF.GCIHH.EOSQ057,"Quality of roads, 1-7 (best)",Value,2.03,2.02,2.33,2.66,2.83,2.7,3.03,3.24,3.24,2.87,2.96
,,,,,,,,,,,59,62,54,51,54
BDI,Burundi,WEF.GCIHH.EOSQ061,"Quality of air transport infrastructure, 1-7 (best)",Value,2.86,3.52,3.47,3.29,3.19,2.8,2.66,2.63,2.63,2.59,3.03
,,,,,,,,,,,19,23,26,22,22
BDI,Burundi,WEF.GCIHH.EOSQ353,"Quality of port infrastructure, 1-7 (best)",Value,3.05,3.21,3.09,2.98,2.97,2.64,2.84,2.78,2.78,2.33,2.77
,,,,,,,,,,,19,16,16,16,12
CPV,Cabo Verde,WEF.GCIHH.EOSQ057,"Quality of roads, 1-7 (best)",Value,0,0,0,3.87,3.94,4.06,4.1,4.04,4,4.08,3.94
,,,,,,,,,,,20,21,21,19,19
CPV,Cabo Verde,WEF.GCIHH.EOSQ061,"Quality of air transport infrastructure, 1-7 (best)",Value,0,0,0,4.33,4.35,4.28,4.01,3.83,3.61,3.74,3.92
,,,,,,,,,,,16,18,19,18,16
CPV,Cabo Verde,WEF.GCIHH.EOSQ353,"Quality of port infrastructure, 1-7 (best)",Value,0,0,0,3.51,3.76,3.93,3.83,3.85,3.68,3.44,3.56
,,,,,,,,,,,8,9,9,7,3
,,,,,,,,,,,7,8,8,8,7
,,,,,,,,,,,40,44,47,55,56
,,,,,,,,,,,2,2,2,2,1
,,,,,,,,,,,27,31,35,30,24
CMR,Cameroon,WEF.GCIHH.EOSQ057,"Quality of roads, 1-7 (best)",Value,2.04,2.44,2.57,2.75,2.76,2.87,2.83,2.9,2.85,2.5,2.56
,,,,,,,,,,,46,45,36,47,62
CMR,Cameroon,WEF.GCIHH.EOSQ061,"Quality of air transport infrastructure, 1-7 (best)",Value,2.73,3.01,2.93,3.27,3.27,3.65,3.55,3.29,3.04,2.66,2.8
,,,,,,,,,,,32,35,35,34,36
CMR,Cameroon,WEF.GCIHH.EOSQ353,"Quality of port infrastructure, 1-7 (best)",Value,2.59,2.73,2.72,3.35,3.55,3.67,3.65,3.62,3.28,2.96,3.14
,,,,,,,,,,,65,73,79,80,74
CMR,Cameroon,WEF.GCIHH.EOSQrailroad,"Quality of railroad infrastructure, 1-7 (best)",Value,0,0,2.16,2.27,2.32,2.46,2.45,2.78,2.75,2.36,2.29
,,,,,,,,,,,54,49,42,39,42
CAN,Canada,WEF.GCIHH.EOSQ057,"Quality of roads, 1-7 (best)",Value,5.87,6,5.69,5.71,5.84,5.87,5.6,5.34,5.22,5.25,5.38
,,,,,,,,,,,65,58,51,49,45
CAN,Canada,WEF.GCIHH.EOSQ061,"Quality of air transport infrastructure, 1-7 (best)",Value,6.03,6.05,5.9,5.97,6.02,5.95,5.86,5.86,5.84,5.84,5.91
,,,,,,,,,,,59,53,50,43,49
CAN,Canada,WEF.GCIHH.EOSQ353,"Quality of port infrastructure, 1-7 (best)",Value,5.71,5.78,5.61,5.68,5.75,5.72,5.54,5.47,5.46,5.4,5.45
,,,,,,,,,,,20,17,16,14,17
CAN,Canada,WEF.GCIHH.EOSQrailroad,"Quality of railroad infrastructure, 1-7 (best)",Value,0,0,5.23,5.29,5.25,5.03,4.95,4.84,4.73,4.83,4.86
,,,,,,,,,,,101,73,40,42,
,,,,,,,,,,,91,53,34,38,
,,,,,,,,,,,54,34,28,28,
,,,,,,,,,,,85,60,69,71,
CHL,Chile,WEF.GCIHH.EOSQ057,"Quality of roads, 1-7 (best)",Value,5.41,5.53,5.79,5.88,5.67,5.62,5.36,5.12,4.93,5.01,5.21
,,,,,,,,,,,116,116,116,130,126
CHL,Chile,WEF.GCIHH.EOSQ061,"Quality of air transport infrastructure, 1-7 (best)",Value,5.69,5.94,6.04,5.91,5.59,5.49,5.21,5,5.19,4.85,4.54
,,,,,,,,,,,112,118,122,130,128
CHL,Chile,WEF.GCIHH.EOSQ353,"Quality of port infrastructure, 1-7 (best)",Value,4.85,4.94,5.36,5.46,5.17,5.22,5.2,5.03,4.91,4.92,4.88
,,,,,,,,,,,100,95,101,112,107
CHL,Chile,WEF.GCIHH.EOSQrailroad,"Quality of railroad infrastructure, 1-7 (best)",Value,0,0,2.06,2.25,2.29,2.62,2.67,2.46,2.35,2.39,2.47
,,,,,,,,,,,77,63,64,82,78
CHN,China,WEF.GCIHH.EOSQ057,"Quality of roads, 1-7 (best)",Value,3.93,4.06,4.18,4.26,4.41,4.41,4.5,4.61,4.69,4.77,4.58
,,,,,,,,,,,,,,137,136
CHN,China,WEF.GCIHH.EOSQ061,"Quality of air transport infrastructure, 1-7 (best)",Value,4.05,4.38,4.32,4.39,4.57,4.53,4.54,4.72,4.79,4.81,4.9
,,,,,,,,,,,,,,127,123
CHN,China,WEF.GCIHH.EOSQ353,"Quality of port infrastructure, 1-7 (best)",Value,3.98,4.32,4.28,4.32,4.47,4.45,4.48,4.56,4.55,4.59,4.56
,,,,,,,,,,,,,,124,120
CHN,China,WEF.GCIHH.EOSQrailroad,"Quality of railroad infrastructure, 1-7 (best)",Value,0,0,4.13,4.35,4.62,4.6,4.7,4.85,5.02,5.07,4.8
,,,,,,,,,,,,,,101,92
COL,Colombia,WEF.GCIHH.EOSQ057,"Quality of roads, 1-7 (best)",Value,2.63,2.85,2.8,2.89,2.94,2.6,2.59,2.67,2.69,2.8,3.02
,,,,,,,,,,,130,126,126,120,110
COL,Colombia,WEF.GCIHH.EOSQ061,"Quality of air transport infrastructure, 1-7 (best)",Value,4.74,4.76,4.32,4.15,4.1,3.79,3.99,4.14,4.21,4.21,4.14
,,,,,,,,,,,96,78,74,76,81
COL,Colombia,WEF.GCIHH.EOSQ353,"Quality of port infrastructure, 1-7 (best)",Value,2.72,2.87,3.21,3.46,3.39,3.16,3.47,3.72,3.65,3.74,3.84
,,,,,,,,,,,110,90,85,83,77
COL,Colombia,WEF.GCIHH.EOSQrailroad,"Quality of railroad infrastructure, 1-7 (best)",Value,0,0,1.53,1.52,1.73,1.6,1.45,1.48,1.4,1.4,1.53
,,,,,,,,,,,113,102,106,104,96
COD,"Congo, Dem. Rep.",WEF.GCIHH.EOSQ057,"Quality of roads, 1-7 (best)",Value,0,0,0,0,0,0,0,0,0,2.14,2.06
,,,,,,,,,,,68,64,68,66,77
COD,"Congo, Dem. Rep.",WEF.GCIHH.EOSQ061,"Quality of air transport infrastructure, 1-7 (best)",Value,0,0,0,0,0,0,0,0,0,2.78,2.95
,,,,,,,,,,,95,95,104,102,97
COD,"Congo, Dem. Rep.",WEF.GCIHH.EOSQ353,"Quality of port infrastructure, 1-7 (best)",Value,0,0,0,0,0,0,0,0,0,2.27,2.7
,,,,,,,,,,,91,84,84,95,90
COD,"Congo, Dem. Rep.",WEF.GCIHH.EOSQrailroad,"Quality of railroad infrastructure, 1-7 (best)",Value,0,0,0,0,0,0,0,0,0,1.54,1.87
,,,,,,,,,,,125,119,115,125,123
CRI,Costa Rica,WEF.GCIHH.EOSQ057,"Quality of roads, 1-7 (best)",Value,2.03,2.21,2.66,2.84,2.51,2.52,2.73,2.83,2.85,2.72,2.63
,,,,,,,,,,,57,61,60,59,64
CRI,Costa Rica,WEF.GCIHH.EOSQ061,"Quality of air transport infrastructure, 1-7 (best)",Value,4.57,4.88,4.65,4.37,4.72,4.93,4.81,4.59,4.62,4.61,4.5
,,,,,,,,,,,128,115,109,102,98
CRI,Costa Rica,WEF.GCIHH.EOSQ353,"Quality of port infrastructure, 1-7 (best)",Value,2.23,2.28,2.57,2.67,2.34,2.45,2.87,3,3.14,3.21,3.41
,,,,,,,,,,,105,91,95,97,
CRI,Costa Rica,WEF.GCIHH.EOSQrailroad,"Quality of railroad infrastructure, 1-7 (best)",Value,0,0,1.27,1.58,1.72,1.7,1.74,1.87,1.83,1.76,0
,,,,,,,,,,,25,24,31,34,26
,,,,,,,,,,,43,43,57,44,27
,,,,,,,,,,,46,45,54,61,46
,,,,,,,,,,,81,81,69,65,74
,,,,,,,,,,,21,26,29,31,35
HRV,Croatia,WEF.GCIHH.EOSQ057,"Quality of roads, 1-7 (best)",Value,4.86,5.03,5.06,5.29,5.43,5.33,5.51,5.62,5.57,5.51,5.46
,,,,,,,,,,,61,75,88,97,94
HRV,Croatia,WEF.GCIHH.EOSQ061,"Quality of air transport infrastructure, 1-7 (best)",Value,4.31,4.27,4.34,4.57,4.41,4.32,4.37,4.19,4.16,4.14,4.25
,,,,,,,,,,,22,21,22,22,26
HRV,Croatia,WEF.GCIHH.EOSQ353,"Quality of port infrastructure, 1-7 (best)",Value,3.28,3.35,3.75,4,3.98,4,4.3,4.6,4.55,4.57,4.64
,,,,,,,,,,,11,13,13,16,15
HRV,Croatia,WEF.GCIHH.EOSQrailroad,"Quality of railroad infrastructure, 1-7 (best)",Value,0,0,3.45,3.3,3.23,3.22,3.1,2.86,2.66,2.73,2.76
,,,,,,,,,,,8,13,11,12,16
CYP,Cyprus,WEF.GCIHH.EOSQ057,"Quality of roads, 1-7 (best)",Value,5.4,5.76,5.82,5.59,5.71,5.64,5.4,5.31,5.03,4.93,5.11
,,,,,,,,,,,9,14,14,11,18
CYP,Cyprus,WEF.GCIHH.EOSQ061,"Quality of air transport infrastructure, 1-7 (best)",Value,4.94,5.39,5.4,5.44,5.48,5.39,5.28,5.06,4.66,4.92,5.51
,,,,,,,,,,,7,8,9,11,9
CYP,Cyprus,WEF.GCIHH.EOSQ353,"Quality of port infrastructure, 1-7 (best)",Value,4.76,5.2,5.25,5.11,5.11,4.97,4.84,4.87,4.42,4.25,4.6
,,,,,,,,,,,22,21,16,10,13
CZE,Czechia,WEF.GCIHH.EOSQ057,"Quality of roads, 1-7 (best)",Value,3.43,3.12,3.32,3.55,3.61,3.73,3.72,3.7,3.97,4.1,3.95
,,,,,,,,,,,26,24,23,17,8
CZE,Czechia,WEF.GCIHH.EOSQ061,"Quality of air transport infrastructure, 1-7 (best)",Value,5.15,5.36,5.9,6.08,5.95,5.97,5.76,5.55,5.41,5.34,5.25
,,,,,,,,,,,14,10,9,9,10
CZE,Czechia,WEF.GCIHH.EOSQ353,"Quality of port infrastructure, 1-7 (best)",Value,4.28,4.15,4.16,4.59,4.67,4.64,4.42,4.03,3.6,3.36,3.47
,,,,,,,,,,,24,20,20,20,22
CZE,Czechia,WEF.GCIHH.EOSQrailroad,"Quality of railroad infrastructure, 1-7 (best)",Value,0,0,4.35,4.58,4.53,4.57,4.59,4.51,4.53,4.55,4.41
,,,,,,,,,,,62,53,53,54,56
DNK,Denmark,WEF.GCIHH.EOSQ057,"Quality of roads, 1-7 (best)",Value,6.42,6.23,6.06,6.17,6.29,5.73,5.45,5.43,5.59,5.71,5.52
,,,,,,,,,,,47,52,54,50,48
DNK,Denmark,WEF.GCIHH.EOSQ061,"Quality of air transport infrastructure, 1-7 (best)",Value,6.45,6.44,6.43,6.37,6.32,5.97,5.64,5.56,5.58,5.83,6.05
,,,,,,,,,,,52,52,51,46,38
DNK,Denmark,WEF.GCIHH.EOSQ353,"Quality of port infrastructure, 1-7 (best)",Value,6.41,6.35,6.22,6.14,6.15,5.77,5.68,5.79,5.76,5.73,5.7
,,,,,,,,,,,67,,,,
DNK,Denmark,WEF.GCIHH.EOSQrailroad,"Quality of railroad infrastructure, 1-7 (best)",Value,0,0,5.36,5.43,5.51,4.82,4.47,4.51,4.63,4.7,4.56
,,,,,,,,,,,99,107,105,96,89
DOM,Dominican Republic,WEF.GCIHH.EOSQ057,"Quality of roads, 1-7 (best)",Value,3.66,3.6,3.56,3.59,3.92,4.19,4.22,4.4,4.33,4.36,4.3
,,,,,,,,,,,132,128,123,117,107
DOM,Dominican Republic,WEF.GCIHH.EOSQ061,"Quality of air transport infrastructure, 1-7 (best)",Value,5.45,5.59,5.53,5.26,5.18,5.41,5.16,4.82,4.73,4.81,4.87
,,,,,,,,,,,132,117,111,105,96
DOM,Dominican Republic,WEF.GCIHH.EOSQ353,"Quality of port infrastructure, 1-7 (best)",Value,3.62,3.78,4.3,4.35,4.44,4.71,4.64,4.58,4.52,4.55,4.77
,,,,,,,,,,,83,65,65,57,49
DOM,Dominican Republic,WEF.GCIHH.EOSQrailroad,"Quality of railroad infrastructure, 1-7 (best)",Value,0,0,1.53,2.05,2.52,2.7,2.61,0,0,0,0
,,,,,,,,,,,50,,25,24,29
ECU,Ecuador,WEF.GCIHH.EOSQ057,"Quality of roads, 1-7 (best)",Value,2.87,2.61,2.78,3.48,4.16,4.44,4.64,0,5.23,5.15,5.05
,,,,,,,,,,,70,,42,39,40
ECU,Ecuador,WEF.GCIHH.EOSQ061,"Quality of air transport infrastructure, 1-7 (best)",Value,4.29,4.3,4.57,4.55,4.3,4.31,4.46,0,5.01,5.14,5.15
,,,,,,,,,,,69,,40,40,44
ECU,Ecuador,WEF.GCIHH.EOSQ353,"Quality of port infrastructure, 1-7 (best)",Value,2.82,2.86,3.34,3.68,3.78,3.88,4.23,0,4.84,4.73,4.65
,,,,,,,,,,,57,,,,
ECU,Ecuador,WEF.GCIHH.EOSQrailroad,"Quality of railroad infrastructure, 1-7 (best)",Value,0,0,1.02,1.15,1.96,2.34,3,0,0,0,0
,,,,,,,,,,,122,118,110,107,75
EGY,"Egypt, Arab Rep.",WEF.GCIHH.EOSQ057,"Quality of roads, 1-7 (best)",Value,3.26,3.36,3.52,3.7,3.37,2.93,2.74,2.87,3.04,3.04,3.95
,,,,,,,,,,,59,60,53,52,42
EGY,"Egypt, Arab Rep.",WEF.GCIHH.EOSQ061,"Quality of air transport infrastructure, 1-7 (best)",Value,4.87,5.07,5.29,5.53,5.26,5.01,4.79,4.63,4.77,4.77,5.14
,,,,,,,,,,,80,66,55,58,41
EGY,"Egypt, Arab Rep.",WEF.GCIHH.EOSQ353,"Quality of port infrastructure, 1-7 (best)",Value,3.49,3.87,4.32,4.2,3.95,3.98,4.05,4.22,4.33,4.33,4.67
,,,,,,,,,,,63,78,70,73,50
EGY,"Egypt, Arab Rep.",WEF.GCIHH.EOSQrailroad,"Quality of railroad infrastructure, 1-7 (best)",Value,0,0,3.33,3.37,3.17,3.14,2.73,2.36,2.61,2.61,3.34
,,,,,,,,,,,13,11,11,17,16
SLV,El Salvador,WEF.GCIHH.EOSQ057,"Quality of roads, 1-7 (best)",Value,4.98,4.95,5.25,5.36,4.76,4.46,4.28,4.64,4.24,3.94,4.04
,,,,,,,,,,,12,10,12,14,14
SLV,El Salvador,WEF.GCIHH.EOSQ061,"Quality of air transport infrastructure, 1-7 (best)",Value,5.6,5.63,5.79,5.69,5.46,5.39,4.81,4.98,4.85,4.3,3.84
,,,,,,,,,,,12,9,12,16,14
SLV,El Salvador,WEF.GCIHH.EOSQ353,"Quality of port infrastructure, 1-7 (best)",Value,3.48,3.59,4.17,4.13,3.83,3.92,4.17,4.67,4.01,3.51,3.38
,,,,,,,,,,,5,4,4,8,11
SLV,El Salvador,WEF.GCIHH.EOSQrailroad,"Quality of railroad infrastructure, 1-7 (best)",Value,0,0,1.21,1.25,1.36,1.76,2.53,0,0,0,0
,,,,,,,,,,,64,54,48,45,38
EST,Estonia,WEF.GCIHH.EOSQ057,"Quality of roads, 1-7 (best)",Value,3.78,4,4.22,4.53,4.49,4.22,4.2,4.39,4.53,4.67,4.72
,,,,,,,,,,,87,98,96,64,41
EST,Estonia,WEF.GCIHH.EOSQ061,"Quality of air transport infrastructure, 1-7 (best)",Value,4.99,5.1,4.87,4.55,4.39,4.46,4.14,3.78,3.73,4.45,5.14
,,,,,,,,,,,17,17,17,14,11
EST,Estonia,WEF.GCIHH.EOSQ353,"Quality of port infrastructure, 1-7 (best)",Value,5.34,5.48,5.6,5.63,5.61,5.59,5.6,5.6,5.55,5.58,5.61
,,,,,,,,,,,42,40,38,33,33
EST,Estonia,WEF.GCIHH.EOSQrailroad,"Quality of railroad infrastructure, 1-7 (best)",Value,0,0,3.56,3.67,3.53,3.46,3.56,3.71,3.87,4.02,4.11
,,,,,,,,,,,69,77,79,83,97
SWZ,Eswatini,WEF.GCIHH.EOSQ057,"Quality of roads, 1-7 (best)",Value,0,0,0,5.07,4.95,4.64,4.87,4.88,4.41,0,4.7
,,,,,,,,,,,42,38,69,105,77
SWZ,Eswatini,WEF.GCIHH.EOSQ061,"Quality of air transport infrastructure, 1-7 (best)",Value,0,0,0,3.16,3.22,3.5,3.97,3.99,3.56,0,4.15
,,,,,,,,,,,121,126,105,90,119
SWZ,Eswatini,WEF.GCIHH.EOSQ353,"Quality of port infrastructure, 1-7 (best)",Value,0,0,0,4.23,4.18,4.22,4.29,3.96,3.45,0,3.6
,,,,,,,,,,,111,97,67,48,61
SWZ,Eswatini,WEF.GCIHH.EOSQrailroad,"Quality of railroad infrastructure, 1-7 (best)",Value,0,0,0,3.67,3.44,3.24,3.7,3.53,3.1,0,3.52
,,,,,,,,,,,9,14,12,12,21
ETH,Ethiopia,WEF.GCIHH.EOSQ057,"Quality of roads, 1-7 (best)",Value,2.5,2.84,3.29,4.06,4.05,4.09,4.07,3.79,3.72,3.67,3.27
,,,,,,,,,,,6,5,9,5,5
ETH,Ethiopia,WEF.GCIHH.EOSQ061,"Quality of air transport infrastructure, 1-7 (best)",Value,4.89,4.82,4.71,5.38,5.26,5.13,5.35,5.26,4.26,3.67,4.17
,,,,,,,,,,,5,5,4,7,5
ETH,Ethiopia,WEF.GCIHH.EOSQ353,"Quality of port infrastructure, 1-7 (best)",Value,4.14,3.62,3.77,4.43,3.85,3.49,3.1,2.62,3.2,3.54,2.7
,,,,,,,,,,,6,5,5,6,8
ETH,Ethiopia,WEF.GCIHH.EOSQrailroad,"Quality of railroad infrastructure, 1-7 (best)",Value,0,0,1.61,1.52,1.3,1.43,1.49,1.64,2.72,3.4,2.92
,,,,,,,,,,,2,4,7,6,7
FIN,Finland,WEF.GCIHH.EOSQ057,"Quality of roads, 1-7 (best)",Value,5.64,5.84,5.89,5.86,5.83,6.09,6.1,5.87,5.78,5.67,5.42
,,,,,,,,,,,10,17,15,13,18
FIN,Finland,WEF.GCIHH.EOSQ061,"Quality of air transport infrastructure, 1-7 (best)",Value,6.31,6.43,6.33,6.15,6.16,6.2,6.22,6.17,6.05,6.24,6.31
,,,,,,,,,,,25,32,26,23,27
FIN,Finland,WEF.GCIHH.EOSQ353,"Quality of port infrastructure, 1-7 (best)",Value,6.19,6.35,6.45,6.36,6.21,6.31,6.38,6.38,6.36,6.25,6.2
,,,,,,,,,,,4,6,6,4,5
FIN,Finland,WEF.GCIHH.EOSQrailroad,"Quality of railroad infrastructure, 1-7 (best)",Value,0,0,5.86,5.78,5.56,5.74,5.87,5.92,5.82,5.66,5.63
,,,,,,,,,,,140,135,130,121,
FRA,France,WEF.GCIHH.EOSQ057,"Quality of roads, 1-7 (best)",Value,6.66,6.72,6.63,6.6,6.56,6.48,6.4,6.17,6.08,6.05,6.05
,,,,,,,,,,,110,109,113,108,
FRA,France,WEF.GCIHH.EOSQ061,"Quality of air transport infrastructure, 1-7 (best)",Value,6.47,6.5,6.31,6.29,6.33,6.21,6.06,5.81,5.84,5.87,5.73
,,,,,,,,,,,133,113,106,101,
FRA,France,WEF.GCIHH.EOSQ353,"Quality of port infrastructure, 1-7 (best)",Value,5.87,5.94,5.89,5.87,5.59,5.41,5.41,5.2,5.28,5.28,5.14
,,,,,,,,,,,80,76,76,64,
FRA,France,WEF.GCIHH.EOSQrailroad,"Quality of railroad infrastructure, 1-7 (best)",Value,0,0,6.53,6.48,6.4,6.28,6.29,5.89,5.81,5.84,5.76
,,,,,,,,,,,28,30,29,27,27
,,,,,,,,,,,28,28,19,18,28
,,,,,,,,,,,15,16,11,12,16
,,,,,,,,,,,14,16,18,19,19
,,,,,,,,,,,60,65,73,78,82
GMB,"Gambia, The",WEF.GCIHH.EOSQ057,"Quality of roads, 1-7 (best)",Value,3.5,3.86,4.03,4.32,4.45,4.5,4.24,4.1,4.13,3.92,4.06
,,,,,,,,,,,84,84,90,88,69
GMB,"Gambia, The",WEF.GCIHH.EOSQ061,"Quality of air transport infrastructure, 1-7 (best)",Value,4.37,4.65,4.8,4.8,4.78,4.88,4.67,4.45,4.34,4.13,4.49
,,,,,,,,,,,68,67,73,71,69
GMB,"Gambia, The",WEF.GCIHH.EOSQ353,"Quality of port infrastructure, 1-7 (best)",Value,4.12,4.11,4.67,5.09,4.88,4.83,4.62,4.23,4.12,4.03,4.41
,,,,,,,,,,,35,33,35,38,39
GEO,Georgia,WEF.GCIHH.EOSQ057,"Quality of roads, 1-7 (best)",Value,3.14,3.5,3.62,3.91,4.24,4.37,4.24,4.03,3.88,3.83,3.75
,,,,,,,,,,,70,79,101,86,78
GEO,Georgia,WEF.GCIHH.EOSQ061,"Quality of air transport infrastructure, 1-7 (best)",Value,3.64,4.16,4.38,4.22,4.2,4.28,4.17,4.08,3.88,4.04,4.35
,,,,,,,,,,,79,80,88,92,94
GEO,Georgia,WEF.GCIHH.EOSQ353,"Quality of port infrastructure, 1-7 (best)",Value,3.58,3.92,4,4.03,4.17,4.25,4.24,4.2,3.99,3.98,4.07
,,,,,,,,,,,71,92,94,82,84
GEO,Georgia,WEF.GCIHH.EOSQrailroad,"Quality of railroad infrastructure, 1-7 (best)",Value,0,0,3.54,3.59,3.87,4.02,3.95,3.93,3.89,3.85,3.84
,,,,,,,,,,,86,66,86,96,93
DEU,Germany,WEF.GCIHH.EOSQ057,"Quality of roads, 1-7 (best)",Value,6.55,6.54,6.49,6.42,6.15,6.09,6.01,5.88,5.72,5.55,5.51
,,,,,,,,,,,147,143,140,,133
DEU,Germany,WEF.GCIHH.EOSQ061,"Quality of air transport infrastructure, 1-7 (best)",Value,6.71,6.67,6.61,6.61,6.45,6.35,6.08,5.94,5.95,5.89,5.76
,,,,,,,,,,,130,138,136,,112
DEU,Germany,WEF.GCIHH.EOSQ353,"Quality of port infrastructure, 1-7 (best)",Value,6.53,6.42,6.38,6.39,6.13,6.04,5.85,5.67,5.61,5.62,5.45
,,,,,,,,,,,119,116,113,,97
DEU,Germany,WEF.GCIHH.EOSQrailroad,"Quality of railroad infrastructure, 1-7 (best)",Value,0,0,6.35,6.19,5.74,5.73,5.72,5.66,5.58,5.36,5.5
,,,,,,,,,,,114,,105,,
GHA,Ghana,WEF.GCIHH.EOSQ057,"Quality of roads, 1-7 (best)",Value,0,3.37,3.45,3.45,3.36,3.52,4.06,3.73,3.22,3.53,3.9
,,,,,,,,,,,61,62,62,74,69
GHA,Ghana,WEF.GCIHH.EOSQ061,"Quality of air transport infrastructure, 1-7 (best)",Value,0,4.06,4.01,4.22,4.22,4.06,4.27,4.13,3.9,3.95,3.95
,,,,,,,,,,,63,66,67,79,65
GHA,Ghana,WEF.GCIHH.EOSQ353,"Quality of port infrastructure, 1-7 (best)",Value,0,3.49,4.04,4.46,4.19,4.03,4.18,3.68,3.5,3.75,3.64
,,,,,,,,,,,53,64,65,68,61
GHA,Ghana,WEF.GCIHH.EOSQrailroad,"Quality of railroad infrastructure, 1-7 (best)",Value,0,0,1.33,1.4,1.42,1.71,2.12,2.67,2.16,1.77,1.83
,,,,,,,,,,,63,55,56,59,44
GRC,Greece,WEF.GCIHH.EOSQ057,"Quality of roads, 1-7 (best)",Value,4.24,4.18,4.11,4.13,3.98,3.98,4.21,4.32,4.28,4.3,4.52
,,,,,,,,,,,44,40,37,43,53
GRC,Greece,WEF.GCIHH.EOSQ061,"Quality of air transport infrastructure, 1-7 (best)",Value,5.48,5.54,5.48,5.4,5.4,5.35,5.26,5.16,5.12,4.94,4.79
,,,,,,,,,,,57,49,48,47,52
GRC,Greece,WEF.GCIHH.EOSQ353,"Quality of port infrastructure, 1-7 (best)",Value,4.39,4.25,4.14,4.04,4.13,4.25,4.49,4.72,4.59,4.54,4.53
,,,,,,,,,,,64,57,59,62,66
GRC,Greece,WEF.GCIHH.EOSQrailroad,"Quality of railroad infrastructure, 1-7 (best)",Value,0,0,2.88,2.69,2.57,2.54,2.73,2.87,2.83,2.84,2.84
,,,,,,,,,,,90,78,87,92,106
GTM,Guatemala,WEF.GCIHH.EOSQ057,"Quality of roads, 1-7 (best)",Value,3.76,4,4.03,4.06,3.88,3.32,3.45,3.74,3.57,3.38,3.07
,,,,,,,,,,,71,83,80,98,111
GTM,Guatemala,WEF.GCIHH.EOSQ061,"Quality of air transport infrastructure, 1-7 (best)",Value,4.54,5.04,5.27,5.35,5.37,4.94,4.45,4.09,4.12,3.87,3.43
,,,,,,,,,,,77,74,79,86,89
GTM,Guatemala,WEF.GCIHH.EOSQ353,"Quality of port infrastructure, 1-7 (best)",Value,3.66,4.01,4.3,4.5,4.32,3.96,4.08,4.05,3.88,3.69,3.56
,,,,,,,,,,,119,,,,
GTM,Guatemala,WEF.GCIHH.EOSQrailroad,"Quality of railroad infrastructure, 1-7 (best)",Value,0,0,1.12,1.08,1.22,1.25,1.17,0,0,0,0
,,,,,,,,,,,93,103,104,,
,,,,,,,,,,,100,97,93,,
,,,,,,,,,,,113,99,87,,
,,,,,,,,,,,79,,,,
,,,,,,,,,,,5,7,5,3,4
,,,,,,,,,,,2,3,3,3,2
,,,,,,,,,,,3,4,5,4,3
,,,,,,,,,,,3,3,3,3,3
,,,,,,,,,,,114,96,72,76,81
,,,,,,,,,,,97,93,70,83,93
,,,,,,,,,,,87,71,46,51,58
,,,,,,,,,,,120,,,,
,,,,,,,,,,,21,17,19,18,19
HND,Honduras,WEF.GCIHH.EOSQ057,"Quality of roads, 1-7 (best)",Value,3.53,3.66,3.52,3.49,3.43,3.27,2.92,3.33,3.88,3.84,3.8
,,,,,,,,,,,72,76,76,78,74
HND,Honduras,WEF.GCIHH.EOSQ061,"Quality of air transport infrastructure, 1-7 (best)",Value,4.5,4.68,4.63,4.6,4.51,4.5,3.99,3.89,4.26,4.08,3.95
,,,,,,,,,,,65,51,49,45,45
HND,Honduras,WEF.GCIHH.EOSQ353,"Quality of port infrastructure, 1-7 (best)",Value,4.75,4.94,5.12,5.33,5.12,4.61,3.9,4.13,4.63,4.49,4.42
,,,,,,,,,,,53,58,68,68,70
HND,Honduras,WEF.GCIHH.EOSQrailroad,"Quality of railroad infrastructure, 1-7 (best)",Value,0,0,1.48,1.45,1.29,1.14,1.1,0,0,0,0
,,,,,,,,,,,143,136,135,,135
HKG,"Hong Kong SAR, China",WEF.GCIHH.EOSQ057,"Quality of roads, 1-7 (best)",Value,6.34,6.41,6.59,6.46,6.22,6.25,6.24,6.04,6.16,6.16,6.21
,,,,,,,,,,,139,130,127,,130
HKG,"Hong Kong SAR, China",WEF.GCIHH.EOSQ061,"Quality of air transport infrastructure, 1-7 (best)",Value,6.71,6.71,6.86,6.92,6.63,6.68,6.74,6.63,6.62,6.62,6.6
,,,,,,,,,,,144,133,124,,124
HKG,"Hong Kong SAR, China",WEF.GCIHH.EOSQ353,"Quality of port infrastructure, 1-7 (best)",Value,6.54,6.64,6.78,6.82,6.57,6.54,6.59,6.47,6.35,6.35,6.46
,,,,,,,,,,,,,,,
HKG,"Hong Kong SAR, China",WEF.GCIHH.EOSQrailroad,"Quality of railroad infrastructure, 1-7 (best)",Value,0,0,6.55,6.74,6.45,6.42,6.45,6.34,6.36,6.36,6.26
,,,,,,,,,,,73,58,58,69,62
HUN,Hungary,WEF.GCIHH.EOSQ057,"Quality of roads, 1-7 (best)",Value,3.5,3.52,3.76,4.05,4.03,4,4.01,4.25,4.22,4.06,4.15
,,,,,,,,,,,101,81,72,73,82
HUN,Hungary,WEF.GCIHH.EOSQ061,"Quality of air transport infrastructure, 1-7 (best)",Value,4.44,4.66,4.8,4.71,4.74,4.19,3.94,4.11,4.23,4.3,4.13
,,,,,,,,,,,84,85,98,103,103
HUN,Hungary,WEF.GCIHH.EOSQ353,"Quality of port infrastructure, 1-7 (best)",Value,3.7,3.86,3.93,4.01,4.05,3.96,3.92,3.76,3.37,3.2,3.25
,,,,,,,,,,,41,38,40,44,44
HUN,Hungary,WEF.GCIHH.EOSQrailroad,"Quality of railroad infrastructure, 1-7 (best)",Value,0,0,3.36,3.51,3.56,3.51,3.56,3.78,3.8,3.55,3.6
,,,,,,,,,,,78,72,80,75,64
ISL,Iceland,WEF.GCIHH.EOSQ057,"Quality of roads, 1-7 (best)",Value,4.68,4.63,5.07,5.43,5.36,5.2,5,4.89,4.81,4.77,4.51
,,,,,,,,,,,68,64,66,62,51
ISL,Iceland,WEF.GCIHH.EOSQ061,"Quality of air transport infrastructure, 1-7 (best)",Value,6.23,6.27,6.28,6.35,6.23,6.22,6.03,5.76,5.87,5.96,5.76
,,,,,,,,,,,89,77,82,75,72
ISL,Iceland,WEF.GCIHH.EOSQ353,"Quality of port infrastructure, 1-7 (best)",Value,5.74,5.96,6.23,6.31,6.19,6.16,6.02,5.92,5.98,5.88,5.88
,,,,,,,,,,,44,41,43,39,30
IND,India,WEF.GCIHH.EOSQ057,"Quality of roads, 1-7 (best)",Value,3.07,2.94,3.09,3.32,3.43,3.49,3.65,3.79,4.14,4.43,4.31
,,,,,,,,,,,84,76,61,51,55
IND,India,WEF.GCIHH.EOSQ061,"Quality of air transport infrastructure, 1-7 (best)",Value,4.78,4.74,4.73,4.57,4.73,4.71,4.76,4.27,4.26,4.49,4.6
,,,,,,,,,,,61,71,71,63,61
IND,India,WEF.GCIHH.EOSQ353,"Quality of port infrastructure, 1-7 (best)",Value,3.49,3.33,3.47,3.86,3.9,3.98,4.19,4.02,4.21,4.53,4.58
,,,,,,,,,,,70,76,60,48,47
IND,India,WEF.GCIHH.EOSQrailroad,"Quality of railroad infrastructure, 1-7 (best)",Value,0,0,4.54,4.58,4.44,4.44,4.76,4.25,4.15,4.48,4.36
,,,,,,,,,,,19,27,29,23,28
IDN,Indonesia,WEF.GCIHH.EOSQ057,"Quality of roads, 1-7 (best)",Value,2.25,2.53,2.93,3.46,3.53,3.41,3.74,3.93,3.72,3.86,4.1
,,,,,,,,,,,29,25,24,32,41
IDN,Indonesia,WEF.GCIHH.EOSQ061,"Quality of air transport infrastructure, 1-7 (best)",Value,4.06,4.36,4.69,4.64,4.35,4.21,4.51,4.52,4.36,4.52,4.8
,,,,,,,,,,,31,23,20,25,32
IDN,Indonesia,WEF.GCIHH.EOSQ353,"Quality of port infrastructure, 1-7 (best)",Value,2.66,3.04,3.4,3.62,3.6,3.57,3.88,3.97,3.81,3.91,3.99
,,,,,,,,,,,33,29,24,26,28
IDN,Indonesia,WEF.GCIHH.EOSQrailroad,"Quality of railroad infrastructure, 1-7 (best)",Value,0,0,2.77,3.04,3.11,3.19,3.53,3.69,3.6,3.82,4.23
,,,,,,,,,,,34,31,30,35,43
IRN,"Iran, Islamic Rep.",WEF.GCIHH.EOSQ057,"Quality of roads, 1-7 (best)",Value,0,0,0,3.71,3.8,4.01,4.12,4.09,4.07,4.07,4.05
,,,,,,,,,,,66,63,63,68,71
IRN,"Iran, Islamic Rep.",WEF.GCIHH.EOSQ061,"Quality of air transport infrastructure, 1-7 (best)",Value,0,0,0,2.97,2.92,3.11,3.3,3.19,3.18,3.43,3.73
,,,,,,,,,,,122,122,118,111,105
IRN,"Iran, Islamic Rep.",WEF.GCIHH.EOSQ353,"Quality of port infrastructure, 1-7 (best)",Value,0,0,0,3.86,3.86,3.97,4.06,3.96,3.9,3.93,4.03
,,,,,,,,,,,79,80,78,73,71
IRN,"Iran, Islamic Rep.",WEF.GCIHH.EOSQrailroad,"Quality of railroad infrastructure, 1-7 (best)",Value,0,0,0,3.15,3.19,3.38,3.45,3.37,3.39,3.48,3.71
,,,,,,,,,,,46,45,45,46,42
IRL,Ireland,WEF.GCIHH.EOSQ057,"Quality of roads, 1-7 (best)",Value,3.58,3.46,3.94,4.32,4.81,5.38,5.29,5.27,5.27,4.96,4.64
,,,,,,,,,,,36,39,38,38,47
IRL,Ireland,WEF.GCIHH.EOSQ061,"Quality of air transport infrastructure, 1-7 (best)",Value,5.28,5.31,5.2,5.19,5.55,5.74,5.55,5.58,5.76,5.57,5.38
,,,,,,,,,,,13,18,13,11,17
IRL,Ireland,WEF.GCIHH.EOSQ353,"Quality of port infrastructure, 1-7 (best)",Value,4.02,4,4.44,4.89,5.22,5.3,5.19,5.32,5.33,5.23,5.11
,,,,,,,,,,,8,8,8,8,8
IRL,Ireland,WEF.GCIHH.EOSQrailroad,"Quality of railroad infrastructure, 1-7 (best)",Value,0,0,3.22,3.53,3.95,4.13,4.05,4.1,4.04,3.98,3.69
,,,,,,,,,,,39,45,46,33,28
ISR,Israel,WEF.GCIHH.EOSQ057,"Quality of roads, 1-7 (best)",Value,5,4.38,4.29,4.43,4.51,4.68,4.96,4.71,4.56,4.94,5.09
,,,,,,,,,,,52,50,39,30,30
ISR,Israel,WEF.GCIHH.EOSQ061,"Quality of air transport infrastructure, 1-7 (best)",Value,5.86,5.55,5.58,5.63,5.54,5.27,4.96,4.88,5.07,5.4,5.45
,,,,,,,,,,,90,86,70,50,43
ISR,Israel,WEF.GCIHH.EOSQ353,"Quality of port infrastructure, 1-7 (best)",Value,4.82,4.35,4.59,4.62,4.24,3.91,3.84,3.76,4.01,4.49,4.65
,,,,,,,,,,,51,54,55,45,40
ISR,Israel,WEF.GCIHH.EOSQrailroad,"Quality of railroad infrastructure, 1-7 (best)",Value,0,0,3.24,3.18,3.24,3.19,3.19,2.95,3.01,3.48,3.75
,,,,,,,,,,,55,57,49,46,45
ITA,Italy,WEF.GCIHH.EOSQ057,"Quality of roads, 1-7 (best)",Value,4,3.89,4.03,4.22,4.2,4.34,4.37,4.26,4.42,4.55,4.52
,,,,,,,,,,,73,70,63,60,60
ITA,Italy,WEF.GCIHH.EOSQ061,"Quality of air transport infrastructure, 1-7 (best)",Value,4.44,4.3,4.1,4.27,4.6,4.73,4.35,4.29,4.52,4.6,4.63
,,,,,,,,,,,67,55,56,56,60
ITA,Italy,WEF.GCIHH.EOSQ353,"Quality of port infrastructure, 1-7 (best)",Value,3.06,3.26,3.66,3.91,3.91,3.86,4.28,4.47,4.32,4.37,4.41
,,,,,,,,,,,29,29,32,31,34
ITA,Italy,WEF.GCIHH.EOSQrailroad,"Quality of railroad infrastructure, 1-7 (best)",Value,0,0,3.4,3.64,3.53,3.61,4.24,4.14,3.96,4.11,4.08
,,,,,,,,,,,86,84,85,79,79
JAM,Jamaica,WEF.GCIHH.EOSQ057,"Quality of roads, 1-7 (best)",Value,3.63,3.68,3.78,3.77,3.78,3.57,3.62,3.66,3.59,3.81,3.85
,,,,,,,,,,,45,48,46,41,44
JAM,Jamaica,WEF.GCIHH.EOSQ061,"Quality of air transport infrastructure, 1-7 (best)",Value,5.42,5.44,5.49,5.39,5.48,5.55,5.25,4.92,4.92,5.02,5.07
,,,,,,,,,,,39,42,45,41,33
JAM,Jamaica,WEF.GCIHH.EOSQ353,"Quality of port infrastructure, 1-7 (best)",Value,5.21,5.05,5.27,5.34,5.28,5.1,5.06,4.95,4.65,4.71,4.92
,,,,,,,,,,,116,,,,
JAM,Jamaica,WEF.GCIHH.EOSQrailroad,"Quality of railroad infrastructure, 1-7 (best)",Value,0,0,1.11,0,1.3,1.26,1.29,0,0,0,0
,,,,,,,,,,,46,61,74,57,68
JPN,Japan,WEF.GCIHH.EOSQ057,"Quality of roads, 1-7 (best)",Value,5.77,5.61,5.6,5.65,5.78,5.93,5.98,5.92,5.98,6.12,6.11
,,,,,,,,,,,36,55,62,34,33
JPN,Japan,WEF.GCIHH.EOSQ061,"Quality of air transport infrastructure, 1-7 (best)",Value,5.61,5.12,5.11,5.14,5.25,5.29,5.43,5.53,5.55,5.59,5.56
,,,,,,,,,,,58,72,72,49,51
JPN,Japan,WEF.GCIHH.EOSQ353,"Quality of port infrastructure, 1-7 (best)",Value,5.55,5.22,5.17,5.15,5.21,5.24,5.24,5.34,5.4,5.32,5.29
,,,,,,,,,,,90,81,74,75,81
JPN,Japan,WEF.GCIHH.EOSQrailroad,"Quality of railroad infrastructure, 1-7 (best)",Value,0,0,6.55,6.57,6.54,6.61,6.72,6.7,6.69,6.66,6.58
,,,,,,,,,,,12,10,8,5,6
JOR,Jordan,WEF.GCIHH.EOSQ057,"Quality of roads, 1-7 (best)",Value,4.84,4.86,4.93,4.74,4.63,4.77,4.82,4.14,3.87,4.33,4.09
,,,,,,,,,,,37,27,25,24,26
JOR,Jordan,WEF.GCIHH.EOSQ061,"Quality of air transport infrastructure, 1-7 (best)",Value,5.46,5.68,5.62,5.66,5.63,5.51,5.49,4.78,4.55,5.33,5.36
,,,,,,,,,,,30,26,22,22,21
JOR,Jordan,WEF.GCIHH.EOSQ353,"Quality of port infrastructure, 1-7 (best)",Value,4.25,4.44,4.51,4.38,4.26,4.4,4.49,4.13,4,4.51,4.53
,,,,,,,,,,,1,1,1,1,2
JOR,Jordan,WEF.GCIHH.EOSQrailroad,"Quality of railroad infrastructure, 1-7 (best)",Value,0,0,1.85,1.64,1.53,1.89,2.04,2.23,2.52,2.53,2.19
,,,,,,,,,,,117,113,107,108,115
KAZ,Kazakhstan,WEF.GCIHH.EOSQ057,"Quality of roads, 1-7 (best)",Value,2.34,2.48,2.47,2.44,2.5,2.74,2.81,2.98,3.13,3.02,2.88
,,,,,,,,,,,89,85,85,90,90
KAZ,Kazakhstan,WEF.GCIHH.EOSQ061,"Quality of air transport infrastructure, 1-7 (best)",Value,3.87,3.7,3.88,3.94,3.89,4.09,4.09,4.03,4.04,4.01,4
,,,,,,,,,,,135,123,114,107,105
KAZ,Kazakhstan,WEF.GCIHH.EOSQ353,"Quality of port infrastructure, 1-7 (best)",Value,3.29,3.15,3.03,3.33,3.59,3.37,2.67,2.66,2.91,3.13,3.18
,,,,,,,,,,,27,28,27,26,32
KAZ,Kazakhstan,WEF.GCIHH.EOSQrailroad,"Quality of railroad infrastructure, 1-7 (best)",Value,0,0,3.88,3.99,3.92,4.26,4.41,4.21,4.22,4.26,4.14
,,,,,,,,,,,67,59,60,61,60
KEN,Kenya,WEF.GCIHH.EOSQ057,"Quality of roads, 1-7 (best)",Value,2.54,2.81,3.07,3.59,3.89,3.93,4.1,4.24,4.19,4.19,4.26
,,,,,,,,,,,62,54,49,48,47
KEN,Kenya,WEF.GCIHH.EOSQ061,"Quality of air transport infrastructure, 1-7 (best)",Value,5.06,4.68,4.68,4.96,4.87,4.78,4.68,4.79,4.82,4.84,4.88
,,,,,,,,,,,78,61,63,64,55
KEN,Kenya,WEF.GCIHH.EOSQ353,"Quality of port infrastructure, 1-7 (best)",Value,3.42,3.5,3.65,3.85,3.78,3.77,4.08,4.34,4.15,4.19,4.47
,,,,,,,,,,,74,71,72,61,56
KEN,Kenya,WEF.GCIHH.EOSQrailroad,"Quality of railroad infrastructure, 1-7 (best)",Value,0,0,2.19,2.33,2.45,2.5,2.53,2.51,2.6,2.84,3.15
,,,,,,,,,,,133,123,131,131,122
KOR,"Korea, Rep.",WEF.GCIHH.EOSQ057,"Quality of roads, 1-7 (best)",Value,5.56,5.8,5.81,5.84,5.77,5.83,5.82,5.6,5.59,5.59,5.56
,,,,,,,,,,,128,123,126,126,120
KOR,"Korea, Rep.",WEF.GCIHH.EOSQ061,"Quality of air transport infrastructure, 1-7 (best)",Value,5.74,5.89,6.01,5.98,5.87,5.89,5.75,5.43,5.46,5.69,5.88
,,,,,,,,,,,148,144,138,135,137
KOR,"Korea, Rep.",WEF.GCIHH.EOSQ353,"Quality of port infrastructure, 1-7 (best)",Value,5.51,5.18,5.1,5.46,5.49,5.54,5.53,5.33,5.23,5.21,5.25
,,,,,,,,,,,76,67,77,81,76
KOR,"Korea, Rep.",WEF.GCIHH.EOSQrailroad,"Quality of railroad infrastructure, 1-7 (best)",Value,0,0,5.69,5.67,5.66,5.64,5.68,5.61,5.55,5.52,5.66
,,,,,,,,,,,80,93,94,93,99
KWT,Kuwait,WEF.GCIHH.EOSQ057,"Quality of roads, 1-7 (best)",Value,5.11,4.99,5.01,5.03,5.02,4.86,4.83,4.63,4.54,4.4,4.14
,,,,,,,,,,,90,106,100,99,106
KWT,Kuwait,WEF.GCIHH.EOSQ061,"Quality of air transport infrastructure, 1-7 (best)",Value,5.05,4.78,4.87,4.71,4.36,4.21,4.03,3.76,3.89,3.64,3.18
,,,,,,,,,,,81,97,83,76,81
KWT,Kuwait,WEF.GCIHH.EOSQ353,"Quality of port infrastructure, 1-7 (best)",Value,4.2,3.97,4.11,4.39,4.21,4.07,4.13,3.91,3.98,4.06,3.8
,,,,,,,,,,,91,98,100,98,94
KGZ,Kyrgyz Republic,WEF.GCIHH.EOSQ057,"Quality of roads, 1-7 (best)",Value,2.44,2.6,2.28,2.74,2.84,2.48,2.53,2.73,2.56,2.49,2.65
,,,,,,,,,,,15,18,17,14,12
KGZ,Kyrgyz Republic,WEF.GCIHH.EOSQ061,"Quality of air transport infrastructure, 1-7 (best)",Value,3.29,3.13,2.73,2.95,2.97,2.94,3.09,3.18,2.91,2.88,3.08
,,,,,,,,,,,22,31,28,21,13
KGZ,Kyrgyz Republic,WEF.GCIHH.EOSQ353,"Quality of port infrastructure, 1-7 (best)",Value,1.49,1.79,1.6,1.4,1.49,1.5,1.27,1.28,1.5,1.48,1.38
,,,,,,,,,,,21,27,27,27,23
KGZ,Kyrgyz Republic,WEF.GCIHH.EOSQrailroad,"Quality of railroad infrastructure, 1-7 (best)",Value,0,0,2.31,2.79,2.72,2.3,2.5,2.64,2.43,2.37,2.45
,,,,,,,,,,,8,10,10,9,7
,,,,,,,,,,,45,48,47,53,63
,,,,,,,,,,,93,100,89,106,117
,,,,,,,,,,,74,82,74,67,78
LVA,Latvia,WEF.GCIHH.EOSQ057,"Quality of roads, 1-7 (best)",Value,3.11,2.85,3.19,3.11,3.1,3.16,3,3.09,3.31,3.24,3.05
,,,,,,,,,,,65,68,83,91,94
LVA,Latvia,WEF.GCIHH.EOSQ061,"Quality of air transport infrastructure, 1-7 (best)",Value,5.39,5.59,5.48,5.44,5.17,5.27,5.39,5.35,5.37,5.14,5.21
,,,,,,,,,,,76,82,94,100,101
LVA,Latvia,WEF.GCIHH.EOSQ353,"Quality of port infrastructure, 1-7 (best)",Value,4.46,4.38,4.4,4.69,4.68,4.76,5.1,5.22,5.18,5.06,5.09
,,,,,,,,,,,137,129,130,132,127
LVA,Latvia,WEF.GCIHH.EOSQrailroad,"Quality of railroad infrastructure, 1-7 (best)",Value,0,0,3.77,3.88,3.87,4.02,4.18,4.1,4.03,4.08,4.24
,,,,,,,,,,,123,120,119,124,121
LBN,Lebanon,WEF.GCIHH.EOSQ057,"Quality of roads, 1-7 (best)",Value,0,0,0,2.96,2.85,2.77,2.74,2.77,2.79,2.77,2.65
,,,,,,,,,,,53,65,68,82,100
LBN,Lebanon,WEF.GCIHH.EOSQ061,"Quality of air transport infrastructure, 1-7 (best)",Value,0,0,0,5.65,5.46,5.12,4.88,4.52,4.29,4.09,3.81
,,,,,,,,,,,64,73,80,80,91
LBN,Lebanon,WEF.GCIHH.EOSQ353,"Quality of port infrastructure, 1-7 (best)",Value,0,0,0,4.54,4.29,4.12,4.31,4.1,3.86,3.78,3.53
,,,,,,,,,,,,,,,
LBN,Lebanon,WEF.GCIHH.EOSQrailroad,"Quality of railroad infrastructure, 1-7 (best)",Value,0,0,0,1,1.01,1.03,0,0,0,0,0
,,,,,,,,,,,113,,127,104,111
,,,,,,,,,,,127,,117,114,126
,,,,,,,,,,,117,,90,93,104
,,,,,,,,,,,96,,66,65,
,,,,,,,,,,,134,142,,,
LBR,Liberia,WEF.GCIHH.EOSQ057,"Quality of roads, 1-7 (best)",Value,0,0,0,0,0,3.75,2.92,0,2.66,3.12,2.98
,,,,,,,,,,,136,139,,,
LBR,Liberia,WEF.GCIHH.EOSQ061,"Quality of air transport infrastructure, 1-7 (best)",Value,0,0,0,0,0,4.02,3.09,0,3.2,3.25,2.83
,,,,,,,,,,,124,131,,,
LBR,Liberia,WEF.GCIHH.EOSQ353,"Quality of port infrastructure, 1-7 (best)",Value,0,0,0,0,0,4.09,3.35,0,3.6,3.5,3.24
,,,,,,,,,,,,,,,
LBR,Liberia,WEF.GCIHH.EOSQrailroad,"Quality of railroad infrastructure, 1-7 (best)",Value,0,0,0,0,0,2.86,1.97,0,2.74,2.76,0
,,,,,,,,,,,49,32,27,43,61
,,,,,,,,,,,60,56,45,58,75
,,,,,,,,,,,73,69,58,60,57
,,,,,,,,,,,40,42,37,43,55
,,,,,,,,,,,115,97,84,99,125
LTU,Lithuania,WEF.GCIHH.EOSQ057,"Quality of roads, 1-7 (best)",Value,4.97,5.21,5.28,5.27,5.23,5.17,5.02,4.94,4.96,4.87,4.73
,,,,,,,,,,,145,144,140,138,137
LTU,Lithuania,WEF.GCIHH.EOSQ061,"Quality of air transport infrastructure, 1-7 (best)",Value,4.4,4.61,4.22,3.57,3.73,4.23,4.32,4.19,4.12,4.36,4.36
,,,,,,,,,,,127,120,119,,112
LTU,Lithuania,WEF.GCIHH.EOSQ353,"Quality of port infrastructure, 1-7 (best)",Value,4.07,4.55,4.73,4.74,4.9,5.2,5.13,4.85,4.85,4.92,4.76
,,,,,,,,,,,,,,,
LTU,Lithuania,WEF.GCIHH.EOSQrailroad,"Quality of railroad infrastructure, 1-7 (best)",Value,0,0,4.19,4.29,4.44,4.69,4.67,4.5,4.42,4.46,4.39
,,,,,,,,,,,34,36,33,36,37
LUX,Luxembourg,WEF.GCIHH.EOSQ057,"Quality of roads, 1-7 (best)",Value,5.81,5.74,5.78,5.9,5.89,5.89,5.79,5.71,5.57,5.57,5.46
,,,,,,,,,,,75,75,81,69,68
LUX,Luxembourg,WEF.GCIHH.EOSQ061,"Quality of air transport infrastructure, 1-7 (best)",Value,5.16,5.04,5.43,5.87,5.8,5.84,5.59,5.42,5.38,5.47,5.62
,,,,,,,,,,,35,47,38,33,39
LUX,Luxembourg,WEF.GCIHH.EOSQ353,"Quality of port infrastructure, 1-7 (best)",Value,5.41,5.38,5.52,5.4,5.21,5.46,5.4,5,4.68,4.43,4.55
,,,,,,,,,,,21,22,23,24,27
LUX,Luxembourg,WEF.GCIHH.EOSQrailroad,"Quality of railroad infrastructure, 1-7 (best)",Value,0,0,5.1,5.17,5.1,5.18,5.03,5.03,5.05,5.06,4.86
,,,,,,,,,,,16,15,20,15,20
MDG,Madagascar,WEF.GCIHH.EOSQ057,"Quality of roads, 1-7 (best)",Value,2.72,2.91,2.95,2.93,2.71,2.53,2.61,2.6,2.19,2.03,2.17
,,,,,,,,,,,29,32,30,27,23
MDG,Madagascar,WEF.GCIHH.EOSQ061,"Quality of air transport infrastructure, 1-7 (best)",Value,3.89,4.27,3.97,3.78,3.44,3.56,3.63,3.41,3.18,3.17,3.47
,,,,,,,,,,,26,37,44,53,50
MDG,Madagascar,WEF.GCIHH.EOSQ353,"Quality of port infrastructure, 1-7 (best)",Value,2.44,2.63,3.03,3.38,3.29,3.23,3.53,3.39,3.2,3.46,3.61
,,,,,,,,,,,13,13,14,16,15
MDG,Madagascar,WEF.GCIHH.EOSQrailroad,"Quality of railroad infrastructure, 1-7 (best)",Value,0,0,1.88,1.67,1.55,1.87,2.01,1.85,1.67,1.81,1.91
,,,,,,,,,,,110,108,96,95,107
,,,,,,,,,,,40,35,31,40,37
,,,,,,,,,,,37,31,30,32,29
,,,,,,,,,,,32,30,31,32,29
,,,,,,,,,,,53,51,55,55,43
MYS,Malaysia,WEF.GCIHH.EOSQ057,"Quality of roads, 1-7 (best)",Value,5.76,5.73,5.55,5.66,5.73,5.45,5.44,5.59,5.69,5.46,5.29
,,,,,,,,,,,49,51,58,55,54
MYS,Malaysia,WEF.GCIHH.EOSQ061,"Quality of air transport infrastructure, 1-7 (best)",Value,6.04,6.02,5.83,5.85,6.04,5.92,5.77,5.74,5.74,5.7,5.67
,,,,,,,,,,,41,43,41,38,32
MYS,Malaysia,WEF.GCIHH.EOSQ353,"Quality of port infrastructure, 1-7 (best)",Value,5.72,5.71,5.52,5.58,5.73,5.52,5.42,5.58,5.57,5.44,5.37
,,,,,,,,,,,37,34,33,37,38
MYS,Malaysia,WEF.GCIHH.EOSQrailroad,"Quality of railroad infrastructure, 1-7 (best)",Value,0,0,4.76,4.69,4.98,4.88,4.78,5.04,5.12,5.06,5.02
,,,,,,,,,,,148,140,133,132,128
,,,,,,,,,,,116,102,91,94,86
,,,,,,,,,,,138,136,129,127,126
,,,,,,,,,,,68,61,63,70,71
,,,,,,,,,,,129,129,139,138,134
MLT,Malta,WEF.GCIHH.EOSQ057,"Quality of roads, 1-7 (best)",Value,3.17,3.28,2.9,2.83,2.99,3.06,3.43,3.65,3.37,3.19,3.23
,,,,,,,,,,,106,114,119,122,109
MLT,Malta,WEF.GCIHH.EOSQ061,"Quality of air transport infrastructure, 1-7 (best)",Value,5.41,5.61,5.75,5.98,6.05,5.91,5.75,5.48,5.2,5.56,5.69
,,,,,,,,,,,105,103,104,94,86
MLT,Malta,WEF.GCIHH.EOSQ353,"Quality of port infrastructure, 1-7 (best)",Value,4.87,5.19,5.44,5.57,5.64,5.73,5.77,5.54,5.23,5.25,5.25
,,,,,,,,,,,94,92,99,95,90
,,,,,,,,,,,51,52,54,58,52
,,,,,,,,,,,64,63,55,61,67
,,,,,,,,,,,62,62,57,57,62
,,,,,,,,,,,60,64,61,59,65
MUS,Mauritius,WEF.GCIHH.EOSQ057,"Quality of roads, 1-7 (best)",Value,4.39,4.47,4.13,4.11,4.14,4.34,4.55,4.8,4.78,4.67,4.49
,,,,,,,,,,,111,91,88,82,
MUS,Mauritius,WEF.GCIHH.EOSQ061,"Quality of air transport infrastructure, 1-7 (best)",Value,5.44,5.44,4.9,4.99,5.14,5.17,5.01,4.99,5.06,4.75,4.82
,,,,,,,,,,,78,59,50,51,
MUS,Mauritius,WEF.GCIHH.EOSQ353,"Quality of port infrastructure, 1-7 (best)",Value,4.66,4.44,4.29,4.54,4.71,4.82,4.92,5.01,4.75,4.21,4.21
,,,,,,,,,,,92,102,91,78,
MEX,Mexico,WEF.GCIHH.EOSQ057,"Quality of roads, 1-7 (best)",Value,3.61,3.54,3.97,4.05,4.28,4.5,4.56,4.42,4.32,4.33,4.37
,,,,,,,,,,,99,86,85,67,
MEX,Mexico,WEF.GCIHH.EOSQ061,"Quality of air transport infrastructure, 1-7 (best)",Value,4.79,4.99,4.94,4.71,4.77,4.78,4.67,4.57,4.71,4.58,4.38
,,,,,,,,,,,89,94,106,97,87
MEX,Mexico,WEF.GCIHH.EOSQ353,"Quality of port infrastructure, 1-7 (best)",Value,3.26,3.31,3.67,3.72,4.03,4.26,4.36,4.28,4.31,4.37,4.34
,,,,,,,,,,,86,96,114,110,96
MEX,Mexico,WEF.GCIHH.EOSQrailroad,"Quality of railroad infrastructure, 1-7 (best)",Value,0,0,2.31,2.26,2.56,2.8,2.83,2.77,2.83,2.91,2.84
,,,,,,,,,,,83,112,127,125,134
MDA,Moldova,WEF.GCIHH.EOSQ057,"Quality of roads, 1-7 (best)",Value,0,0,0,1.33,1.32,1.52,1.74,2.14,2.42,2.46,2.51
,,,,,,,,,,,81,85,88,84,84
MDA,Moldova,WEF.GCIHH.EOSQ061,"Quality of air transport infrastructure, 1-7 (best)",Value,0,0,0,3.64,3.64,3.58,3.47,3.68,3.85,3.92,4.11
,,,,,,,,,,,91,85,91,100,98
MDA,Moldova,WEF.GCIHH.EOSQ353,"Quality of port infrastructure, 1-7 (best)",Value,0,0,0,2.92,2.88,2.98,2.58,2.23,2.19,2.18,2.42
,,,,,,,,,,,23,30,35,26,19
MDA,Moldova,WEF.GCIHH.EOSQrailroad,"Quality of railroad infrastructure, 1-7 (best)",Value,0,0,0,2.6,2.61,2.51,2.61,2.82,2.75,2.7,2.74
,,,,,,,,,,,13,20,29,25,22
MNG,Mongolia,WEF.GCIHH.EOSQ057,"Quality of roads, 1-7 (best)",Value,1.6,1.44,1.4,1.66,1.81,1.96,2.27,2.58,2.79,3.01,3.15
,,,,,,,,,,,138,134,136,,
MNG,Mongolia,WEF.GCIHH.EOSQ061,"Quality of air transport infrastructure, 1-7 (best)",Value,2.83,2.69,2.69,3,3.16,3.27,3.2,3.12,3.17,3.11,3.19
,,,,,,,,,,,146,137,132,,
MNG,Mongolia,WEF.GCIHH.EOSQ353,"Quality of port infrastructure, 1-7 (best)",Value,2.51,2.42,2.94,3.32,2.85,3.04,2.56,1.66,1.39,1.3,1.41
,,,,,,,,,,,136,125,123,,
MNG,Mongolia,WEF.GCIHH.EOSQrailroad,"Quality of railroad infrastructure, 1-7 (best)",Value,0,0,2.05,2.48,2.57,2.5,2.62,2.58,2.55,2.73,2.8
,,,,,,,,,,,104,94,96,,
,,,,,,,,,,,95,98,103,102,88
,,,,,,,,,,,82,74,73,81,72
,,,,,,,,,,,86,70,61,69,70
,,,,,,,,,,,56,56,58,60,63
MAR,Morocco,WEF.GCIHH.EOSQ057,"Quality of roads, 1-7 (best)",Value,3.46,3.64,3.57,3.36,3.36,4,4.52,4.46,4.31,4.36,4.53
,,,,,,,,,,,141,130,118,109,102
MAR,Morocco,WEF.GCIHH.EOSQ061,"Quality of air transport infrastructure, 1-7 (best)",Value,4.65,4.8,4.65,4.68,4.8,5.07,5.04,4.82,4.63,4.73,4.76
,,,,,,,,,,,126,125,120,124,116
MAR,Morocco,WEF.GCIHH.EOSQ353,"Quality of port infrastructure, 1-7 (best)",Value,4.05,4.19,4.24,4.4,4.46,4.77,5.02,4.94,4.78,4.82,5
,,,,,,,,,,,140,143,139,137,136
MAR,Morocco,WEF.GCIHH.EOSQrailroad,"Quality of railroad infrastructure, 1-7 (best)",Value,0,0,3.59,3.65,3.61,3.89,3.91,3.92,3.91,3.92,3.9
,,,,,,,,,,,66,69,73,69,69
MOZ,Mozambique,WEF.GCIHH.EOSQ057,"Quality of roads, 1-7 (best)",Value,1.96,2.05,2.33,2.38,2.34,2.38,2.26,2.13,2.28,2.43,2.47
,,,,,,,,,,,142,141,137,133,129
MOZ,Mozambique,WEF.GCIHH.EOSQ061,"Quality of air transport infrastructure, 1-7 (best)",Value,3.43,3.5,3.74,4.05,4.11,3.89,3.57,3.29,3.22,3.41,3.45
,,,,,,,,,,,109,119,116,113,110
MOZ,Mozambique,WEF.GCIHH.EOSQ353,"Quality of port infrastructure, 1-7 (best)",Value,2.71,2.83,3.2,3.49,3.38,3.37,3.51,3.67,3.6,3.51,3.57
,,,,,,,,,,,107,94,89,92,88
MOZ,Mozambique,WEF.GCIHH.EOSQrailroad,"Quality of railroad infrastructure, 1-7 (best)",Value,0,0,2.09,2.38,2.18,2.03,2.09,2.09,2.27,2.43,2.46
,,,,,,,,,,,88,84,82,78,75
MMR,Myanmar,WEF.GCIHH.EOSQ057,"Quality of roads, 1-7 (best)",Value,0,0,0,0,0,0,2.38,2.44,2.33,0,0
,,,,,,,,,,,124,137,134,135,137
MMR,Myanmar,WEF.GCIHH.EOSQ061,"Quality of air transport infrastructure, 1-7 (best)",Value,0,0,0,0,0,0,2.22,2.54,2.62,0,0
,,,,,,,,,,,144,140,137,135,134
MMR,Myanmar,WEF.GCIHH.EOSQ353,"Quality of port infrastructure, 1-7 (best)",Value,0,0,0,0,0,0,2.61,2.64,2.62,0,0
,,,,,,,,,,,126,135,121,115,123
MMR,Myanmar,WEF.GCIHH.EOSQrailroad,"Quality of railroad infrastructure, 1-7 (best)",Value,0,0,0,0,0,0,1.75,1.82,1.79,0,0
,,,,,,,,,,,92,77,91,90,80
NAM,Namibia,WEF.GCIHH.EOSQ057,"Quality of roads, 1-7 (best)",Value,4.87,5.43,5.69,5.83,5.35,5.08,5.28,5.2,5.18,5.15,5.03
,,,,,,,,,,,52,42,39,44,48
NAM,Namibia,WEF.GCIHH.EOSQ061,"Quality of air transport infrastructure, 1-7 (best)",Value,4.89,5.11,5.04,5.13,5.02,4.94,4.8,4.58,4.62,4.63,4.67
,,,,,,,,,,,50,46,40,53,50
NAM,Namibia,WEF.GCIHH.EOSQ353,"Quality of port infrastructure, 1-7 (best)",Value,5.01,5.26,5.42,5.64,5.51,5.35,5.35,5.24,5.18,5.25,5.17
,,,,,,,,,,,44,36,42,63,65
NAM,Namibia,WEF.GCIHH.EOSQrailroad,"Quality of railroad infrastructure, 1-7 (best)",Value,0,0,4.23,4.1,4.03,3.69,3.5,3.34,3.12,3.24,3.34
,,,,,,,,,,,96,99,102,112,117
NPL,Nepal,WEF.GCIHH.EOSQ057,"Quality of roads, 1-7 (best)",Value,2.13,1.93,2.11,2.31,2.46,2.57,2.71,2.9,2.81,2.85,2.81
,,,,,,,,,,,137,132,135,136,135
NPL,Nepal,WEF.GCIHH.EOSQ061,"Quality of air transport infrastructure, 1-7 (best)",Value,3.41,3.48,3.52,3.55,3.38,3.15,3.01,2.92,2.81,2.65,2.53
,,,,,,,,,,,118,132,128,130,130
NPL,Nepal,WEF.GCIHH.EOSQ353,"Quality of port infrastructure, 1-7 (best)",Value,2.97,2.88,2.83,2.9,2.61,2.71,2.69,2.18,1.56,1.33,1.56
,,,,,,,,,,,97,89,97,94,85
NPL,Nepal,WEF.GCIHH.EOSQrailroad,"Quality of railroad infrastructure, 1-7 (best)",Value,0,0,1.2,1.19,1.15,1.1,1.09,0,0,0,0
,,,,,,,,,,,23,19,15,20,23
NLD,Netherlands,WEF.GCIHH.EOSQ057,"Quality of roads, 1-7 (best)",Value,5.68,5.29,5.35,5.45,5.65,6.01,6.05,6.14,6.22,6.14,6.14
,,,,,,,,,,,20,19,21,20,21
NLD,Netherlands,WEF.GCIHH.EOSQ061,"Quality of air transport infrastructure, 1-7 (best)",Value,6.37,6.34,6.36,6.34,6.5,6.59,6.46,6.45,6.41,6.46,6.58
,,,,,,,,,,,24,19,16,17,20
NLD,Netherlands,WEF.GCIHH.EOSQ353,"Quality of port infrastructure, 1-7 (best)",Value,6.67,6.61,6.6,6.57,6.63,6.77,6.79,6.81,6.77,6.78,6.79
,,,,,,,,,,,18,12,13,15,14
NLD,Netherlands,WEF.GCIHH.EOSQrailroad,"Quality of railroad infrastructure, 1-7 (best)",Value,0,0,5.64,5.69,5.73,5.71,5.48,5.62,5.69,5.64,5.76
,,,,,,,,,,,30,28,28,23,31
NZL,New Zealand,WEF.GCIHH.EOSQ057,"Quality of roads, 1-7 (best)",Value,4.18,4.07,4.63,4.73,4.67,4.9,5,4.95,4.68,4.53,4.66
,,,,,,,,,,,58,62,59,57,58
NZL,New Zealand,WEF.GCIHH.EOSQ061,"Quality of air transport infrastructure, 1-7 (best)",Value,5.86,5.98,6.09,6.22,6.23,6.17,5.96,5.93,5.84,5.66,5.63
,,,,,,,,,,,27,30,31,24,26
NZL,New Zealand,WEF.GCIHH.EOSQ353,"Quality of port infrastructure, 1-7 (best)",Value,5.43,5.35,5.47,5.42,5.5,5.51,5.54,5.76,5.47,5.33,5.47
,,,,,,,,,,,45,47,50,50,51
NZL,New Zealand,WEF.GCIHH.EOSQrailroad,"Quality of railroad infrastructure, 1-7 (best)",Value,0,0,3.68,3.44,3.34,3.58,3.66,3.72,3.5,3.41,3.55
,,,,,,,,,,,127,125,125,126,127
NIC,Nicaragua,WEF.GCIHH.EOSQ057,"Quality of roads, 1-7 (best)",Value,2.51,2.45,2.9,3.19,3.35,3.78,3.74,3.55,3.57,3.57,4.35
,,,,,,,,,,,108,121,111,119,125
NIC,Nicaragua,WEF.GCIHH.EOSQ061,"Quality of air transport infrastructure, 1-7 (best)",Value,4.15,4.28,4.09,4.19,4.32,4.2,3.95,3.67,3.55,3.55,3.76
,,,,,,,,,,,112,110,112,117,116
NIC,Nicaragua,WEF.GCIHH.EOSQ353,"Quality of port infrastructure, 1-7 (best)",Value,2.31,2.21,2.69,2.88,2.74,3.18,3.46,3.17,2.84,2.84,3.06
,,,,,,,,,,,101,100,103,103,97
NIC,Nicaragua,WEF.GCIHH.EOSQrailroad,"Quality of railroad infrastructure, 1-7 (best)",Value,0,0,1.61,0,1.6,2.17,2.81,0,0,0,0
,,,,,,,,,,,79,88,86,84,54
NGA,Nigeria,WEF.GCIHH.EOSQ057,"Quality of roads, 1-7 (best)",Value,2.21,2.32,2.55,2.39,2.72,2.77,2.66,2.68,2.71,2.62,2.52
,,,,,,,,,,,99,103,107,109,102
NGA,Nigeria,WEF.GCIHH.EOSQ061,"Quality of air transport infrastructure, 1-7 (best)",Value,3.54,4.22,4.35,3.88,3.85,4,3.57,3.21,3.38,3.2,2.9
,,,,,,,,,,,111,109,115,116,110
NGA,Nigeria,WEF.GCIHH.EOSQ353,"Quality of port infrastructure, 1-7 (best)",Value,2.69,2.62,2.8,2.98,3.31,3.55,3.44,3.16,2.98,2.82,2.84
,,,,,,,,,,,62,,,,
NGA,Nigeria,WEF.GCIHH.EOSQrailroad,"Quality of railroad infrastructure, 1-7 (best)",Value,0,0,1.35,1.45,1.58,1.89,1.81,1.51,1.49,1.48,1.5
,,,,,,,,,,,10,5,2,4,5
,,,,,,,,,,,4,4,4,4,4
,,,,,,,,,,,1,1,1,1,1
,,,,,,,,,,,11,9,7,7,6
,,,,,,,,,,,83,74,65,67,58
NOR,Norway,WEF.GCIHH.EOSQ057,"Quality of roads, 1-7 (best)",Value,4.36,4.15,3.84,3.58,3.46,3.57,3.65,3.86,4.04,4.07,4.26
,,,,,,,,,,,9,6,10,15,10
NOR,Norway,WEF.GCIHH.EOSQ061,"Quality of air transport infrastructure, 1-7 (best)",Value,6.05,6.33,6.26,6.23,6.3,6.17,6.08,6.12,5.97,5.84,5.99
,,,,,,,,,,,22,13,18,18,13
NOR,Norway,WEF.GCIHH.EOSQ353,"Quality of port infrastructure, 1-7 (best)",Value,5.56,5.8,5.79,5.67,5.54,5.42,5.52,5.69,5.53,5.41,5.55
,,,,,,,,,,,43,36,41,42,36
NOR,Norway,WEF.GCIHH.EOSQrailroad,"Quality of railroad infrastructure, 1-7 (best)",Value,0,0,3.76,3.22,2.97,3.31,3.55,3.88,3.73,3.62,3.99
,,,,,,,,,,,126,115,117,118,118
OMN,Oman,WEF.GCIHH.EOSQ057,"Quality of roads, 1-7 (best)",Value,5.03,5.55,5.95,6.17,6.37,6.37,6.39,6.01,5.58,5.51,5.51
,,,,,,,,,,,131,129,128,131,133
OMN,Oman,WEF.GCIHH.EOSQ061,"Quality of air transport infrastructure, 1-7 (best)",Value,4.96,4.97,5.13,5.48,5.54,5.46,5.52,5.09,4.77,4.74,4.74
,,,,,,,,,,,134,137,137,136,135
OMN,Oman,WEF.GCIHH.EOSQ353,"Quality of port infrastructure, 1-7 (best)",Value,4.85,5.08,5.19,5.32,5.41,5.43,5.52,5.19,4.86,4.58,4.58
,,,,,,,,,,,121,,,,
PAK,Pakistan,WEF.GCIHH.EOSQ057,"Quality of roads, 1-7 (best)",Value,3.56,3.47,3.73,3.76,3.71,3.92,4.04,3.81,3.76,3.83,3.95
,,,,,,,,,,,37,35,43,47,40
PAK,Pakistan,WEF.GCIHH.EOSQ061,"Quality of air transport infrastructure, 1-7 (best)",Value,4.17,4.23,4.46,4.34,4.27,4.33,4.13,3.92,4.13,3.99,3.98
,,,,,,,,,,,17,14,18,23,22
PAK,Pakistan,WEF.GCIHH.EOSQ353,"Quality of port infrastructure, 1-7 (best)",Value,3.73,3.7,3.96,4.05,4.09,4.43,4.52,4.42,4.08,3.73,3.98
,,,,,,,,,,,19,11,20,21,17
PAK,Pakistan,WEF.GCIHH.EOSQrailroad,"Quality of railroad infrastructure, 1-7 (best)",Value,0,0,3.09,3.07,2.76,2.57,2.51,2.5,2.83,3.08,3.33
,,,,,,,,,,,39,39,44,47,46
PAN,Panama,WEF.GCIHH.EOSQ057,"Quality of roads, 1-7 (best)",Value,3.96,3.82,3.83,4.1,4.19,4.53,4.75,4.74,4.61,4.51,4.42
,,,,,,,,,,,3,8,18,19,14
PAN,Panama,WEF.GCIHH.EOSQ061,"Quality of air transport infrastructure, 1-7 (best)",Value,5.44,5.74,5.74,5.96,6.18,6.36,6.27,6.11,6.19,6.21,5.95
,,,,,,,,,,,35,42,52,54,56
PAN,Panama,WEF.GCIHH.EOSQ353,"Quality of port infrastructure, 1-7 (best)",Value,5.65,5.71,5.54,6,6.43,6.42,6.38,6.27,6.25,6.3,6.17
,,,,,,,,,,,23,33,37,44,48
PAN,Panama,WEF.GCIHH.EOSQrailroad,"Quality of railroad infrastructure, 1-7 (best)",Value,0,0,2.51,2.96,3.41,4.04,4.24,3.9,3.88,4.25,4.46
,,,,,,,,,,,72,75,77,77,76
PRY,Paraguay,WEF.GCIHH.EOSQ057,"Quality of roads, 1-7 (best)",Value,1.88,1.76,1.97,2.21,2.44,2.51,2.54,2.45,2.25,2.24,2.37
,,,,,,,,,,,88,92,79,91,91
PRY,Paraguay,WEF.GCIHH.EOSQ061,"Quality of air transport infrastructure, 1-7 (best)",Value,2.59,2.19,2.45,2.55,2.49,2.54,2.66,2.58,2.62,2.64,2.58
,,,,,,,,,,,55,59,66,84,73
PRY,Paraguay,WEF.GCIHH.EOSQ353,"Quality of port infrastructure, 1-7 (best)",Value,4.09,3.91,3.47,3.35,3.44,3.57,3.41,3.19,3.07,3.11,3.34
,,,,,,,,,,,75,72,60,53,52
PRY,Paraguay,WEF.GCIHH.EOSQrailroad,"Quality of railroad infrastructure, 1-7 (best)",Value,0,0,1.02,1.03,1.04,1.06,0,0,0,0,0
,,,,,,,,,,,48,44,45,48,49
,,,,,,,,,,,5,7,6,6,11
,,,,,,,,,,,6,7,7,5,6
,,,,,,,,,,,30,35,36,27,24
,,,,,,,,,,,98,102,111,110,108
PHL,Philippines,WEF.GCIHH.EOSQ057,"Quality of roads, 1-7 (best)",Value,2.69,2.82,2.78,2.8,3.11,3.43,3.56,3.57,3.3,3.07,3.1
,,,,,,,,,,,85,89,82,80,85
PHL,Philippines,WEF.GCIHH.EOSQ061,"Quality of air transport infrastructure, 1-7 (best)",Value,4.13,4.13,3.7,3.61,3.63,3.63,3.54,3.58,3.69,3.25,2.94
,,,,,,,,,,,93,87,86,88,83
PHL,Philippines,WEF.GCIHH.EOSQ353,"Quality of port infrastructure, 1-7 (best)",Value,2.82,3.16,3,2.76,3.03,3.32,3.35,3.46,3.22,2.92,2.94
,,,,,,,,,,,102,90,94,91,87
PHL,Philippines,WEF.GCIHH.EOSQrailroad,"Quality of railroad infrastructure, 1-7 (best)",Value,0,0,1.75,1.66,1.65,1.9,2.06,2.29,2.18,1.97,1.9
,,,,,,,,,,,87,87,97,106,104
POL,Poland,WEF.GCIHH.EOSQ057,"Quality of roads, 1-7 (best)",Value,2.57,1.91,2.06,2.23,2.33,2.62,3.05,3.55,3.81,3.97,4.1
,,,,,,,,,,,113,108,98,116,124
POL,Poland,WEF.GCIHH.EOSQ061,"Quality of air transport infrastructure, 1-7 (best)",Value,3.63,3.69,3.74,3.65,3.65,3.81,3.91,4.02,4.07,4.32,4.46
,,,,,,,,,,,116,101,103,113,114
POL,Poland,WEF.GCIHH.EOSQ353,"Quality of port infrastructure, 1-7 (best)",Value,3.2,2.62,2.82,3.26,3.45,3.52,3.68,3.97,4.02,4.13,4.21
,,,,,,,,,,,89,80,84,89,91
POL,Poland,WEF.GCIHH.EOSQrailroad,"Quality of railroad infrastructure, 1-7 (best)",Value,0,0,2.89,2.75,2.47,2.38,2.56,2.93,3.11,3.34,3.56
,,,,,,,,,,,105,89,76,72,65
PRT,Portugal,WEF.GCIHH.EOSQ057,"Quality of roads, 1-7 (best)",Value,5.61,5.79,5.98,6.17,6.29,6.39,6.35,6.34,6.16,5.91,6.02
,,,,,,,,,,,103,86,83,72,66
PRT,Portugal,WEF.GCIHH.EOSQ061,"Quality of air transport infrastructure, 1-7 (best)",Value,5.61,5.41,5.18,5.29,5.53,5.64,5.62,5.7,5.56,5.44,5.45
,,,,,,,,,,,97,78,67,66,64
PRT,Portugal,WEF.GCIHH.EOSQ353,"Quality of port infrastructure, 1-7 (best)",Value,4.78,4.69,4.72,4.85,4.93,5.03,5.18,5.42,5.3,5.15,5.18
,,,,,,,,,,,70,55,51,49,45
PRT,Portugal,WEF.GCIHH.EOSQrailroad,"Quality of railroad infrastructure, 1-7 (best)",Value,0,0,4.41,4.51,4.4,4.46,4.44,4.44,4.26,4.16,4.22
,,,,,,,,,,,31,29,,,
,,,,,,,,,,,32,25,,,
,,,,,,,,,,,28,22,,,
,,,,,,,,,,,71,,,,
,,,,,,,,,,,4,2,4,9,8
QAT,Qatar,WEF.GCIHH.EOSQ057,"Quality of roads, 1-7 (best)",Value,4.31,4.34,4.46,4.87,4.97,5.1,5,5.03,5.43,5.14,5.49
,,,,,,,,,,,27,20,24,28,29
QAT,Qatar,WEF.GCIHH.EOSQ061,"Quality of air transport infrastructure, 1-7 (best)",Value,5.71,6,6.24,6.12,5.88,5.97,6,5.97,6.15,6.2,6.29
,,,,,,,,,,,34,23,25,29,25
QAT,Qatar,WEF.GCIHH.EOSQ353,"Quality of port infrastructure, 1-7 (best)",Value,4.37,4.4,4.99,5.41,5.44,5.19,5.21,5.42,5.6,5.53,5.6
,,,,,,,,,,,26,23,25,28,31
ROU,Romania,WEF.GCIHH.EOSQ057,"Quality of roads, 1-7 (best)",Value,2,1.91,1.98,2.11,2.1,1.94,2.08,2.75,2.75,2.6,2.7
,,,,,,,,,,,132,133,138,136,131
ROU,Romania,WEF.GCIHH.EOSQ061,"Quality of air transport infrastructure, 1-7 (best)",Value,3.7,3.88,4.05,3.87,3.64,3.41,3.36,3.62,3.56,3.75,4.04
,,,,,,,,,,,141,136,133,132,132
ROU,Romania,WEF.GCIHH.EOSQ353,"Quality of port infrastructure, 1-7 (best)",Value,3.02,3.13,3.26,2.97,2.75,2.64,3,3.39,3.42,3.36,3.53
,,,,,,,,,,,115,108,110,108,100
ROU,Romania,WEF.GCIHH.EOSQrailroad,"Quality of railroad infrastructure, 1-7 (best)",Value,0,0,2.73,2.46,2.36,2.24,2.33,2.86,2.75,2.4,2.6
,,,,,,,,,,,,,,,
RUS,Russian Federation,WEF.GCIHH.EOSQ057,"Quality of roads, 1-7 (best)",Value,2.42,2.55,2.42,2.44,2.41,2.34,2.45,2.72,2.72,2.77,2.9
,,,,,,,,,,,38,34,21,26,17
RUS,Russian Federation,WEF.GCIHH.EOSQ061,"Quality of air transport infrastructure, 1-7 (best)",Value,4.15,4.15,4,3.84,3.85,3.83,3.92,4.14,4.14,4.44,4.64
,,,,,,,,,,,14,12,7,7,6
RUS,Russian Federation,WEF.GCIHH.EOSQ353,"Quality of port infrastructure, 1-7 (best)",Value,3.69,3.75,3.55,3.66,3.68,3.74,3.88,3.94,3.94,3.98,4.16
,,,,,,,,,,,31,24,15,15,12
RUS,Russian Federation,WEF.GCIHH.EOSQrailroad,"Quality of railroad infrastructure, 1-7 (best)",Value,0,0,3.87,4.09,4.15,4.17,4.19,4.29,4.29,4.44,4.55
,,,,,,,,,,,145,121,120,128,120
,,,,,,,,,,,119,105,106,101,89
,,,,,,,,,,,123,104,96,98,92
,,,,,,,,,,,82,59,62,79,73
,,,,,,,,,,,136,124,123,123,114
,,,,,,,,,,,102,79,77,65,59
,,,,,,,,,,,88,81,75,72,66
,,,,,,,,,,,31,26,24,25,23
SEN,Senegal,WEF.GCIHH.EOSQ057,"Quality of roads, 1-7 (best)",Value,2.6,3.21,3.34,3.31,3.33,3.19,3.31,3.36,3.73,4.03,3.73
,,,,,,,,,,,47,46,37,31,32
SEN,Senegal,WEF.GCIHH.EOSQ061,"Quality of air transport infrastructure, 1-7 (best)",Value,4.92,4.83,4.72,4.5,4.11,4.35,4.48,3.83,3.64,4.06,4.16
,,,,,,,,,,,80,73,64,56,55
SEN,Senegal,WEF.GCIHH.EOSQ353,"Quality of port infrastructure, 1-7 (best)",Value,3.61,3.8,4.43,4.74,4.54,4.53,4.75,4.44,4.13,4.43,4.41
,,,,,,,,,,,103,98,100,104,115
SEN,Senegal,WEF.GCIHH.EOSQrailroad,"Quality of railroad infrastructure, 1-7 (best)",Value,0,0,1.79,1.93,1.86,1.7,1.89,2.31,2.31,2.17,2.19
,,,,,,,,,,,17,26,32,37,34
SRB,Serbia,WEF.GCIHH.EOSQ057,"Quality of roads, 1-7 (best)",Value,2.56,2.36,2.47,2.46,2.4,2.69,2.8,2.93,2.86,2.91,3.19
,,,,,,,,,,,38,41,43,45,46
SRB,Serbia,WEF.GCIHH.EOSQ061,"Quality of air transport infrastructure, 1-7 (best)",Value,4.06,3.82,3.46,3.19,3.12,3.21,3.3,3.46,3.69,3.95,4.2
,,,,,,,,,,,36,40,39,42,42
SRB,Serbia,WEF.GCIHH.EOSQ353,"Quality of port infrastructure, 1-7 (best)",Value,3.5,3.49,3.27,2.83,2.66,2.67,2.58,2.6,2.67,2.75,2.96
,,,,,,,,,,,47,50,56,56,53
SRB,Serbia,WEF.GCIHH.EOSQrailroad,"Quality of railroad infrastructure, 1-7 (best)",Value,0,0,1.8,1.74,1.64,1.74,1.98,2.13,2.09,2.15,2.24
,,,,,,,,,,,97,92,78,71,83
SYC,Seychelles,WEF.GCIHH.EOSQ057,"Quality of roads, 1-7 (best)",Value,0,0,0,0,0,4.27,4.32,4.2,4.2,0,4.37
,,,,,,,,,,,69,94,101,85,79
SYC,Seychelles,WEF.GCIHH.EOSQ061,"Quality of air transport infrastructure, 1-7 (best)",Value,0,0,0,0,0,5,4.85,4.91,4.91,0,4.68
,,,,,,,,,,,47,58,64,54,59
SYC,Seychelles,WEF.GCIHH.EOSQ353,"Quality of port infrastructure, 1-7 (best)",Value,0,0,0,0,0,4.96,4.87,4.96,4.96,0,4.49
,,,,,,,,,,,98,79,81,85,82
SLE,Sierra Leone,WEF.GCIHH.EOSQ057,"Quality of roads, 1-7 (best)",Value,0,0,0,0,0,2.75,3.03,3.04,2.74,2.79,3.17
,,,,,,,,,,,7,6,3,2,2
SLE,Sierra Leone,WEF.GCIHH.EOSQ061,"Quality of air transport infrastructure, 1-7 (best)",Value,0,0,0,0,0,2.75,2.79,2.7,2.42,2.69,2.8
,,,,,,,,,,,1,1,1,1,1
SLE,Sierra Leone,WEF.GCIHH.EOSQ353,"Quality of port infrastructure, 1-7 (best)",Value,0,0,0,0,0,3.32,3.64,3.35,2.83,3.01,3.27
,,,,,,,,,,,2,2,2,2,2
SLE,Sierra Leone,WEF.GCIHH.EOSQrailroad,"Quality of railroad infrastructure, 1-7 (best)",Value,0,0,0,0,0,1.3,1.46,0,0,0,0
,,,,,,,,,,,10,,8,5,4
SGP,Singapore,WEF.GCIHH.EOSQ057,"Quality of roads, 1-7 (best)",Value,6.65,6.62,6.66,6.64,6.53,6.47,6.22,6.05,6.21,6.28,6.35
,,,,,,,,,,,107,111,122,122,101
SGP,Singapore,WEF.GCIHH.EOSQ061,"Quality of air transport infrastructure, 1-7 (best)",Value,6.91,6.89,6.86,6.85,6.85,6.81,6.75,6.76,6.8,6.85,6.87
,,,,,,,,,,,138,134,139,128,127
SGP,Singapore,WEF.GCIHH.EOSQ353,"Quality of port infrastructure, 1-7 (best)",Value,6.83,6.78,6.78,6.76,6.76,6.76,6.75,6.71,6.66,6.66,6.71
,,,,,,,,,,,101,105,116,111,102
SGP,Singapore,WEF.GCIHH.EOSQrailroad,"Quality of railroad infrastructure, 1-7 (best)",Value,0,0,5.65,5.84,5.68,5.74,5.64,0,5.67,5.74,5.87
,,,,,,,,,,,112,,,,
SVK,Slovak Republic,WEF.GCIHH.EOSQ057,"Quality of roads, 1-7 (best)",Value,3.47,3.11,3.47,3.88,3.59,3.7,3.62,3.69,4.03,4.1,3.99
,,,,,,,,,,,58,47,57,73,72
SVK,Slovak Republic,WEF.GCIHH.EOSQ061,"Quality of air transport infrastructure, 1-7 (best)",Value,3.68,3.52,3.54,3.32,3.18,3.36,3.23,3.37,3.52,3.43,3.47
,,,,,,,,,,,56,47,48,74,99
SVK,Slovak Republic,WEF.GCIHH.EOSQ353,"Quality of port infrastructure, 1-7 (best)",Value,4.48,4.25,4.12,4,3.9,3.96,3.69,3.46,3.16,3.01,3.01
,,,,,,,,,,,72,50,69,91,99
SVK,Slovak Republic,WEF.GCIHH.EOSQrailroad,"Quality of railroad infrastructure, 1-7 (best)",Value,0,0,4.43,4.66,4.45,4.52,4.35,4.4,4.59,4.58,4.43
,,,,,,,,,,,73,,,,
SVN,Slovenia,WEF.GCIHH.EOSQ057,"Quality of roads, 1-7 (best)",Value,4.46,4.66,4.94,4.84,4.68,5.01,5.08,4.9,4.65,4.42,4.41
,,,,,,,,,,,119,114,114,115,100
SVN,Slovenia,WEF.GCIHH.EOSQ061,"Quality of air transport infrastructure, 1-7 (best)",Value,4.67,4.77,4.86,4.77,4.64,4.49,4.33,4.45,4.42,4.34,4.32
,,,,,,,,,,,121,112,99,93,76
SVN,Slovenia,WEF.GCIHH.EOSQ353,"Quality of port infrastructure, 1-7 (best)",Value,4.45,4.81,5.25,5.3,5.24,5.23,5.09,4.99,4.97,5.08,5.03
,,,,,,,,,,,139,127,122,118,113
SVN,Slovenia,WEF.GCIHH.EOSQrailroad,"Quality of railroad infrastructure, 1-7 (best)",Value,0,0,3.48,3.24,2.88,3.09,3.24,3.36,3.18,2.97,2.92
,,,,,,,,,,,95,83,90,86,79
ZAF,South Africa,WEF.GCIHH.EOSQ057,"Quality of roads, 1-7 (best)",Value,4.73,4.8,4.96,4.8,4.76,4.89,4.92,4.93,4.96,5.03,4.42
,,,,,,,,,,,71,70,,,
ZAF,South Africa,WEF.GCIHH.EOSQ061,"Quality of air transport infrastructure, 1-7 (best)",Value,5.89,5.94,5.98,6.06,6.14,6.11,6.05,5.99,5.85,5.99,5.6
,,,,,,,,,,,104,104,,,
ZAF,South Africa,WEF.GCIHH.EOSQ353,"Quality of port infrastructure, 1-7 (best)",Value,4.4,4.4,4.66,4.75,4.7,4.69,4.7,4.86,4.87,4.85,4.83
,,,,,,,,,,,43,56,,,
ZAF,South Africa,WEF.GCIHH.EOSQrailroad,"Quality of railroad infrastructure, 1-7 (best)",Value,0,0,3.54,3.35,3.36,3.36,3.36,3.42,3.63,3.8,3.55
,,,,,,,,,,,108,,,,
ESP,Spain,WEF.GCIHH.EOSQ057,"Quality of roads, 1-7 (best)",Value,5.34,5.09,5.17,5.68,5.91,5.93,5.95,5.91,5.8,5.52,5.5
,,,,,,,,,,,85,82,66,64,73
ESP,Spain,WEF.GCIHH.EOSQ061,"Quality of air transport infrastructure, 1-7 (best)",Value,5.75,5.63,5.5,5.8,6.02,6.01,6.04,6,5.89,5.85,5.83
,,,,,,,,,,,124,115,108,112,108
ESP,Spain,WEF.GCIHH.EOSQ353,"Quality of port infrastructure, 1-7 (best)",Value,5.34,5.05,5.18,5.62,5.76,5.76,5.78,5.82,5.65,5.52,5.52
,,,,,,,,,,,96,100,107,110,111
ESP,Spain,WEF.GCIHH.EOSQrailroad,"Quality of railroad infrastructure, 1-7 (best)",Value,0,0,4.77,5.41,5.65,5.72,5.88,5.98,5.95,5.59,5.46
,,,,,,,,,,,28,24,21,21,25
LKA,Sri Lanka,WEF.GCIHH.EOSQ057,"Quality of roads, 1-7 (best)",Value,3.14,3.64,3.89,4.21,4.54,4.62,4.71,5.09,5.21,4.69,4.2
,,,,,,,,,,,32,38,44,52,51
LKA,Sri Lanka,WEF.GCIHH.EOSQ061,"Quality of air transport infrastructure, 1-7 (best)",Value,4.48,4.76,4.76,4.78,4.89,4.96,4.78,4.78,4.93,4.62,4.22
,,,,,,,,,,,74,67,65,70,71
LKA,Sri Lanka,WEF.GCIHH.EOSQ353,"Quality of port infrastructure, 1-7 (best)",Value,4.06,4.51,4.79,4.89,4.89,4.88,4.15,4.16,4.28,4.26,4.46
,,,,,,,,,,,38,39,33,31,31
LKA,Sri Lanka,WEF.GCIHH.EOSQrailroad,"Quality of railroad infrastructure, 1-7 (best)",Value,0,0,3.4,3.6,3.78,3.8,3.6,3.68,3.88,3.59,3.2
,,,,,,,,,,,50,46,47,58,62
,,,,,,,,,,,20,20,23,21,18
,,,,,,,,,,,24,21,22,22,15
,,,,,,,,,,,10,18,13,13,15
,,,,,,,,,,,23,19,26,30,21
SWE,Sweden,WEF.GCIHH.EOSQ057,"Quality of roads, 1-7 (best)",Value,5.65,5.63,5.69,5.71,5.66,5.58,5.52,5.5,5.36,5.29,5.48
,,,,,,,,,,,43,41,50,,39
SWE,Sweden,WEF.GCIHH.EOSQ061,"Quality of air transport infrastructure, 1-7 (best)",Value,6.03,6.02,6.04,6.2,6.25,5.97,5.73,5.67,5.6,5.68,5.76
,,,,,,,,,,,98,88,105,,80
SWE,Sweden,WEF.GCIHH.EOSQ353,"Quality of port infrastructure, 1-7 (best)",Value,5.89,5.79,5.87,6.15,6.04,5.93,5.82,5.6,5.62,5.6,5.5
,,,,,,,,,,,66,79,95,,87
SWE,Sweden,WEF.GCIHH.EOSQrailroad,"Quality of railroad infrastructure, 1-7 (best)",Value,0,0,5.42,5.35,5,4.68,4.57,4.54,4.25,4.11,4.57
,,,,,,,,,,,38,43,52,,48
CHE,Switzerland,WEF.GCIHH.EOSQ057,"Quality of roads, 1-7 (best)",Value,6.61,6.66,6.53,6.47,6.44,6.36,6.21,6,5.86,6.02,6.33
,,,,,,,,,,,56,60,59,,53
CHE,Switzerland,WEF.GCIHH.EOSQ061,"Quality of air transport infrastructure, 1-7 (best)",Value,6.21,6.45,6.49,6.48,6.52,6.49,6.18,6.09,6.13,6.11,6.23
,,,,,,,,,,,54,49,47,,57
CHE,Switzerland,WEF.GCIHH.EOSQ353,"Quality of port infrastructure, 1-7 (best)",Value,5.53,5.64,5.4,5.24,5.2,5.17,5.04,4.88,4.62,4.38,4.46
,,,,,,,,,,,45,41,34,,53
CHE,Switzerland,WEF.GCIHH.EOSQrailroad,"Quality of railroad infrastructure, 1-7 (best)",Value,0,0,6.8,6.78,6.78,6.78,6.65,6.61,6.61,6.57,6.63
,,,,,,,,,,,,,,,
,,,,,,,,,,,,,,,
,,,,,,,,,,,,,,,
,,,,,,,,,,,,,,,
,,,,,,,,,,,135,128,112,127,124
,,,,,,,,,,,147,142,130,125,121
,,,,,,,,,,,143,142,140,131,131
,,,,,,,,,,,42,50,51,60,59
,,,,,,,,,,,34,37,38,42,39
TJK,Tajikistan,WEF.GCIHH.EOSQ057,"Quality of roads, 1-7 (best)",Value,2.26,2.56,2.64,2.96,3.36,3.18,0,3.04,3.63,4.05,4.05
,,,,,,,,,,,56,54,52,65,63
TJK,Tajikistan,WEF.GCIHH.EOSQ061,"Quality of air transport infrastructure, 1-7 (best)",Value,3.03,3.5,3.57,3.77,3.97,4.21,0,3.95,4.13,4.34,4.34
,,,,,,,,,,,72,74,78,77,72
TJK,Tajikistan,WEF.GCIHH.EOSQ353,"Quality of port infrastructure, 1-7 (best)",Value,1.42,1.63,1.94,1.92,1.78,1.68,0,2.06,2.1,2.01,2.01
,,,,,,,,,,,,109,82,70,70
TJK,Tajikistan,WEF.GCIHH.EOSQrailroad,"Quality of railroad infrastructure, 1-7 (best)",Value,0,0,3.31,3.21,3.55,3.49,0,2.97,3.36,3.74,3.74
,,,,,,,,,,,,91,78,71,70
,,,,,,,,,,,,140,133,133,132
,,,,,,,,,,,,53,46,41,41
,,,,,,,,,,,146,144,,,
,,,,,,,,,,,143,143,,,
THA,Thailand,WEF.GCIHH.EOSQ057,"Quality of roads, 1-7 (best)",Value,5.2,5.04,5.01,5.12,4.99,4.99,4.88,4.47,4.38,4.21,4.26
,,,,,,,,,,,145,138,,,
THA,Thailand,WEF.GCIHH.EOSQ061,"Quality of air transport infrastructure, 1-7 (best)",Value,5.72,5.84,5.86,5.87,5.71,5.7,5.53,5.28,5.11,4.95,5.16
,,,,,,,,,,,75,66,64,63,66
THA,Thailand,WEF.GCIHH.EOSQ353,"Quality of port infrastructure, 1-7 (best)",Value,4.65,4.42,4.69,5.03,4.74,4.59,4.5,4.5,4.49,4.18,4.27
,,,,,,,,,,,51,57,61,75,87
THA,Thailand,WEF.GCIHH.EOSQrailroad,"Quality of railroad infrastructure, 1-7 (best)",Value,0,0,3.02,3.01,2.65,2.59,2.55,2.4,2.42,2.52,2.64
,,,,,,,,,,,75,65,71,81,79
,,,,,,,,,,,77,83,89,87,84
,,,,,,,,,,,67,77,87,97,98
,,,,,,,,,,,82,83,92,100,101
TTO,Trinidad and Tobago,WEF.GCIHH.EOSQ057,"Quality of roads, 1-7 (best)",Value,3.15,3.42,3.99,4.04,3.86,3.81,3.88,3.99,4.05,4.1,4.09
,,,,,,,,,,,49,48,57,63,67
TTO,Trinidad and Tobago,WEF.GCIHH.EOSQ061,"Quality of air transport infrastructure, 1-7 (best)",Value,4.69,4.71,5.24,5.48,5.02,4.99,4.97,4.77,4.59,4.28,4.06
,,,,,,,,,,,44,40,36,28,30
TTO,Trinidad and Tobago,WEF.GCIHH.EOSQ353,"Quality of port infrastructure, 1-7 (best)",Value,3.21,3.38,3.98,4.33,3.89,3.76,4.11,4.22,4,3.76,3.76
,,,,,,,,,,,33,34,33,29,31
TUN,Tunisia,WEF.GCIHH.EOSQ057,"Quality of roads, 1-7 (best)",Value,4.87,4.86,4.96,5.11,4.64,0,3.8,3.69,3.47,3.5,3.68
,,,,,,,,,,,63,57,53,52,54
TUN,Tunisia,WEF.GCIHH.EOSQ061,"Quality of air transport infrastructure, 1-7 (best)",Value,5.36,5.76,5.78,5.6,5.33,0,4.53,4.15,3.93,3.87,3.9
,,,,,,,,,,,52,49,53,55,57
TUN,Tunisia,WEF.GCIHH.EOSQ353,"Quality of port infrastructure, 1-7 (best)",Value,4.83,4.83,4.87,5.05,4.62,0,3.98,3.85,3.56,3.31,3.34
,,,,,,,,,,,14,12,10,11,11
TUN,Tunisia,WEF.GCIHH.EOSQrailroad,"Quality of railroad infrastructure, 1-7 (best)",Value,0,0,4.09,4.15,3.74,0,3.35,3.29,2.97,2.81,2.83
,,,,,,,,,,,41,36,26,33,43
TUR,Turkiye,WEF.GCIHH.EOSQ057,"Quality of roads, 1-7 (best)",Value,4.01,3.94,4.27,4.7,4.76,4.87,4.86,4.88,4.87,5.04,5.04
,,,,,,,,,,,29,25,19,20,24
TUR,Turkiye,WEF.GCIHH.EOSQ061,"Quality of air transport infrastructure, 1-7 (best)",Value,5.09,5.03,5.07,5.43,5.5,5.55,5.53,5.4,5.34,5.41,5.41
,,,,,,,,,,,9,7,11,10,12
TUR,Turkiye,WEF.GCIHH.EOSQ353,"Quality of port infrastructure, 1-7 (best)",Value,3.44,3.42,3.74,4.1,4.16,4.35,4.34,4.44,4.49,4.49,4.49
,,,,,,,,,,,109,112,92,90,90
TUR,Turkiye,WEF.GCIHH.EOSQrailroad,"Quality of railroad infrastructure, 1-7 (best)",Value,0,0,2.48,2.74,2.74,3.12,3.12,3.08,3.08,3.03,3.03
,,,,,,,,,,,134,131,125,123,114
UGA,Uganda,WEF.GCIHH.EOSQ057,"Quality of roads, 1-7 (best)",Value,2.54,2.46,2.5,2.72,2.95,2.91,3.04,3.2,3.41,3.48,3.39
,,,,,,,,,,,120,106,97,99,95
UGA,Uganda,WEF.GCIHH.EOSQ061,"Quality of air transport infrastructure, 1-7 (best)",Value,3.29,3.26,3.5,3.88,3.89,3.78,3.58,3.17,3,3.19,3.13
,,,,,,,,,,,93,88,89,76,68
UGA,Uganda,WEF.GCIHH.EOSQ353,"Quality of port infrastructure, 1-7 (best)",Value,4,3.81,3.44,3.53,3.68,3.77,3.41,2.83,2.53,2.5,2.6
,,,,,,,,,,,106,105,90,88,91
UGA,Uganda,WEF.GCIHH.EOSQrailroad,"Quality of railroad infrastructure, 1-7 (best)",Value,0,0,1.25,1.24,1.41,1.44,1.53,1.5,1.54,1.59,1.56
,,,,,,,,,,,107,124,124,120,119
UKR,Ukraine,WEF.GCIHH.EOSQ057,"Quality of roads, 1-7 (best)",Value,2.15,2.16,2.17,1.98,2.05,2.33,2.14,2.21,2.44,2.41,2.44
,,,,,,,,,,,114,118,126,121,122
UKR,Ukraine,WEF.GCIHH.EOSQ061,"Quality of air transport infrastructure, 1-7 (best)",Value,3.17,3.57,3.63,3.63,3.9,4.26,3.84,3.78,3.7,3.72,3.96
,,,,,,,,,,,110,101,101,99,95
UKR,Ukraine,WEF.GCIHH.EOSQ353,"Quality of port infrastructure, 1-7 (best)",Value,3.36,3.47,3.71,3.64,3.68,4.04,3.71,3.27,3.16,3.41,3.48
,,,,,,,,,,,144,139,132,134,130
UKR,Ukraine,WEF.GCIHH.EOSQrailroad,"Quality of railroad infrastructure, 1-7 (best)",Value,0,0,4.07,4.38,4.36,4.55,4.47,4.31,4.16,4.01,3.94
,,,,,,,,,,,105,99,97,103,92
ARE,United Arab Emirates,WEF.GCIHH.EOSQ057,"Quality of roads, 1-7 (best)",Value,6.06,6.09,6.19,6.33,6.28,6.47,6.65,6.61,6.61,6.5,6.37
,,,,,,,,,,,94,107,108,96,93
ARE,United Arab Emirates,WEF.GCIHH.EOSQ061,"Quality of air transport infrastructure, 1-7 (best)",Value,6.48,6.62,6.65,6.57,6.5,6.6,6.68,6.72,6.72,6.75,6.6
,,,,,,,,,,,25,25,28,34,37
ARE,United Arab Emirates,WEF.GCIHH.EOSQ353,"Quality of port infrastructure, 1-7 (best)",Value,5.99,6.12,6.24,6.16,6.23,6.4,6.43,6.47,6.47,6.38,6.23
,,,,,,,,,,,88,90,95,98,95
GBR,United Kingdom,WEF.GCIHH.EOSQ057,"Quality of roads, 1-7 (best)",Value,5.49,5.33,5.15,5.14,5.47,5.59,5.31,5.18,5.16,5.13,5.11
,,,,,,,,,,,81,90,102,66,34
GBR,United Kingdom,WEF.GCIHH.EOSQ061,"Quality of air transport infrastructure, 1-7 (best)",Value,6.23,5.84,5.56,5.66,5.94,5.96,5.61,5.52,5.78,5.76,5.51
,,,,,,,,,,,50,48,43,39,34
GBR,United Kingdom,WEF.GCIHH.EOSQ353,"Quality of port infrastructure, 1-7 (best)",Value,5.43,5.13,5.22,5.49,5.61,5.84,5.68,5.61,5.67,5.6,5.49
,,,,,,,,,,,117,103,108,106,100
GBR,United Kingdom,WEF.GCIHH.EOSQrailroad,"Quality of railroad infrastructure, 1-7 (best)",Value,0,0,4.52,4.7,4.88,5.01,5.01,4.89,4.78,4.78,4.7
,,,,,,,,,,,18,16,14,13,10
USA,United States,WEF.GCIHH.EOSQ057,"Quality of roads, 1-7 (best)",Value,6.15,6.2,5.9,5.69,5.69,5.66,5.68,5.69,5.7,5.61,5.73
,,,,,,,,,,,18,9,5,9,9
USA,United States,WEF.GCIHH.EOSQ061,"Quality of air transport infrastructure, 1-7 (best)",Value,6.26,6.26,6.01,5.79,5.71,5.79,5.95,6.05,6.21,6.09,6
,,,,,,,,,,,16,12,10,10,9
USA,United States,WEF.GCIHH.EOSQ353,"Quality of port infrastructure, 1-7 (best)",Value,5.81,5.87,5.67,5.54,5.51,5.58,5.67,5.69,5.73,5.7,5.78
,,,,,,,,,,,17,15,15,13,10
USA,United States,WEF.GCIHH.EOSQrailroad,"Quality of railroad infrastructure, 1-7 (best)",Value,0,0,4.81,4.75,4.82,4.83,4.89,4.89,5.02,5.13,5.48
,,,,,,,,,,,128,127,128,119,119
URY,Uruguay,WEF.GCIHH.EOSQ057,"Quality of roads, 1-7 (best)",Value,4.13,4.14,4.4,4.45,4.02,3.59,3.49,3.53,3.31,3.21,3.28
,,,,,,,,,,,135,133,134,129,131
URY,Uruguay,WEF.GCIHH.EOSQ061,"Quality of air transport infrastructure, 1-7 (best)",Value,3.3,3.41,3.7,4.66,5.19,4.86,4.25,3.96,3.62,4.44,5.32
,,,,,,,,,,,141,130,125,119,118
URY,Uruguay,WEF.GCIHH.EOSQ353,"Quality of port infrastructure, 1-7 (best)",Value,4.31,4.4,4.88,5.15,5.06,4.87,4.7,4.74,4.7,4.79,4.88
,,,,,,,,,,,109,99,104,102,98
URY,Uruguay,WEF.GCIHH.EOSQrailroad,"Quality of railroad infrastructure, 1-7 (best)",Value,0,0,1.4,1.4,1.43,1.3,1.23,1.31,1.29,1.23,1.25
,,,,,,,,,,,102,104,93,89,92
VEN,"Venezuela, RB",WEF.GCIHH.EOSQ057,"Quality of roads, 1-7 (best)",Value,2.68,2.99,3.12,3.16,2.87,2.55,2.65,2.64,2.66,2.84,2.79
,,,,,,,,,,,92,87,75,86,103
VEN,"Venezuela, RB",WEF.GCIHH.EOSQ061,"Quality of air transport infrastructure, 1-7 (best)",Value,3.81,3.53,3.48,3.59,3.62,3.32,2.99,2.73,2.6,2.69,2.65
,,,,,,,,,,,98,88,76,77,82
VEN,"Venezuela, RB",WEF.GCIHH.EOSQ353,"Quality of port infrastructure, 1-7 (best)",Value,2.6,2.36,2.42,2.43,2.53,2.54,2.53,2.56,2.55,2.65,2.72
,,,,,,,,,,,58,52,48,52,59
VEN,"Venezuela, RB",WEF.GCIHH.EOSQrailroad,"Quality of railroad infrastructure, 1-7 (best)",Value,0,0,1.6,1.53,1.34,1.41,1.58,1.64,1.47,1.48,1.49
,,,,,,,,,,,137,131,,129,132
VNM,Vietnam,WEF.GCIHH.EOSQ057,"Quality of roads, 1-7 (best)",Value,2.58,2.56,2.79,2.75,2.56,2.73,3.08,3.2,3.34,3.47,3.37
,,,,,,,,,,,140,141,,137,136
VNM,Vietnam,WEF.GCIHH.EOSQ061,"Quality of air transport infrastructure, 1-7 (best)",Value,3.92,3.93,4.11,4.17,4.05,4.1,4.04,4,4.17,4.06,3.75
,,,,,,,,,,,129,128,,120,121
VNM,Vietnam,WEF.GCIHH.EOSQ353,"Quality of port infrastructure, 1-7 (best)",Value,2.77,2.83,3.28,3.6,3.37,3.45,3.68,3.74,3.91,3.84,3.67
,,,,,,,,,,,41,37,34,29,50
VNM,Vietnam,WEF.GCIHH.EOSQrailroad,"Quality of railroad infrastructure, 1-7 (best)",Value,0,0,2.8,2.9,2.52,2.55,2.97,3.02,3.16,3.15,2.96
,,,,,,,,,,,11,11,14,10,25
YEM,"Yemen, Rep.",WEF.GCIHH.EOSQ057,"Quality of roads, 1-7 (best)",Value,0,0,0,0,2.85,2.74,2.45,2.46,0,2.52,2.32
,,,,,,,,,,,51,46,36,37,37
YEM,"Yemen, Rep.",WEF.GCIHH.EOSQ061,"Quality of air transport infrastructure, 1-7 (best)",Value,0,0,0,0,3.96,3.46,2.7,2.33,0,2.22,2.08
,,,,,,,,,,,48,44,42,40,47
YEM,"Yemen, Rep.",WEF.GCIHH.EOSQ353,"Quality of port infrastructure, 1-7 (best)",Value,0,0,0,0,2.86,2.99,2.85,2.57,0,2.59,2.65
,,,,,,,,,,,94,86,81,85,86
ZMB,Zambia,WEF.GCIHH.EOSQ057,"Quality of roads, 1-7 (best)",Value,2.32,2.51,2.62,2.85,2.92,3.19,3.37,3.58,3.71,3.55,3.63
,,,,,,,,,,,114,111,112,121,118
ZMB,Zambia,WEF.GCIHH.EOSQ061,"Quality of air transport infrastructure, 1-7 (best)",Value,4.13,3.74,3.38,3.62,4.04,3.91,3.54,3.5,3.36,3.18,3.17
,,,,,,,,,,,108,124,131,128,128
ZMB,Zambia,WEF.GCIHH.EOSQ353,"Quality of port infrastructure, 1-7 (best)",Value,3.7,3.82,3.7,3.63,4,4.13,3.49,2.65,2.18,2.18,2.25
,,,,,,,,,,,87,87,80,74,77
ZMB,Zambia,WEF.GCIHH.EOSQrailroad,"Quality of railroad infrastructure, 1-7 (best)",Value,0,0,1.79,2.03,2.22,2.28,2.11,1.96,2.33,2.57,2.39
,,,,,,,,,,,100,100,98,101,116
ZWE,Zimbabwe,WEF.GCIHH.EOSQ057,"Quality of roads, 1-7 (best)",Value,3.32,3.27,3.18,3.19,3.26,3.22,3.28,3.28,3.28,3.19,2.84
,,,,,,,,,,,120,116,115,107,104
ZWE,Zimbabwe,WEF.GCIHH.EOSQ061,"Quality of air transport infrastructure, 1-7 (best)",Value,3.21,3.4,3.61,3.88,3.73,3.39,3.32,3.34,3.31,3.63,3.74
,,,,,,,,,,,76,96,102,106,108
ZWE,Zimbabwe,WEF.GCIHH.EOSQ353,"Quality of port infrastructure, 1-7 (best)",Value,4.08,4.27,4.42,4.41,4.43,4.42,4.09,3.61,3.24,3.16,3.12
,,,,,,,,,,,84,82,83,83,86
ZWE,Zimbabwe,WEF.GCIHH.EOSQrailroad,"Quality of railroad infrastructure, 1-7 (best)",Value,0,0,2.79,2.77,2.67,2.4,2.27,2.18,2.23,2.28,2.05