,Economy ISO3,Economy Name,Indicator ID,Indicator,Attribute 1,Attribute 2,Attribute 3,Partner,2007,2008,2009,2010,2011,2012,2013,2014,2015,2016,2017,2018,2019,2020,2021,2022
1308,ALB,Albania,IMF.GFSCOFOG.GEAT_G14_GDP_PT,"Expenditure on transport, Percent of GDP",Budgetary central government,-,-,-,,,,,3.07,2.6,3.25,1.84,2.09,1.73,1.94,1.52,1.36,1.84,2.06,
1309,ALB,Albania,IMF.GFSCOFOG.GEAT_G14_GDP_PT,"Expenditure on transport, Percent of GDP",Central government (excl. social security funds),-,-,-,,,,,3.07,2.6,3.25,1.84,2.09,1.73,1.94,1.52,1.36,1.84,2.06,
1310,ALB,Albania,IMF.GFSCOFOG.GEAT_G14_GDP_PT,"Expenditure on transport, Percent of GDP",Central government (incl. social security funds),-,-,-,,,,,3.07,2.6,3.25,1.84,2.09,1.73,1.94,1.52,1.36,1.84,2.06,
1311,ALB,Albania,IMF.GFSCOFOG.GEAT_G14_GDP_PT,"Expenditure on transport, Percent of GDP",Extrabudgetary central government,-,-,-,,,,,,,,,,,,,,,,
1312,ALB,Albania,IMF.GFSCOFOG.GEAT_G14_GDP_PT,"Expenditure on transport, Percent of GDP",General government,-,-,-,,,,,3.46,2.85,3.61,2.18,2.51,1.98,2.41,2.02,2.01,2.26,2.39,
1313,ALB,Albania,IMF.GFSCOFOG.GEAT_G14_GDP_PT,"Expenditure on transport, Percent of GDP",Local governments,-,-,-,,,,,0.55,0.38,0.57,0.67,0.77,0.73,0.81,0.53,0.67,0.47,0.38,
1314,ALB,Albania,IMF.GFSCOFOG.GEAT_G14_GDP_PT,"Expenditure on transport, Percent of GDP",Social security funds,-,-,-,,,,,0,0,0,0,0,0,0,0,0,0,0,
21352,DZA,Algeria,IMF.GFSCOFOG.GEAT_G14_GDP_PT,"Expenditure on transport, Percent of GDP",Budgetary central government,-,-,-,4.11,4.96,3.94,,,,,,,,,,,,,
1037,AGO,Angola,IMF.GFSCOFOG.GEAT_G14_GDP_PT,"Expenditure on transport, Percent of GDP",Budgetary central government,-,-,-,4.03,6.89,4.7,3.48,3.01,2.37,3.6,2.64,0.96,1.03,2.29,0.93,0.87,,,
2552,ARG,Argentina,IMF.GFSCOFOG.GEAT_G14_GDP_PT,"Expenditure on transport, Percent of GDP",Budgetary central government,-,-,-,,,,,,,,1.64,1.5,1.42,1.31,1.1,1.11,0.87,1.02,
2553,ARG,Argentina,IMF.GFSCOFOG.GEAT_G14_GDP_PT,"Expenditure on transport, Percent of GDP",Central government (excl. social security funds),-,-,-,,,,,,,,1.77,1.73,1.63,1.44,1.28,1.28,1.01,1.1,
2554,ARG,Argentina,IMF.GFSCOFOG.GEAT_G14_GDP_PT,"Expenditure on transport, Percent of GDP",Central government (incl. social security funds),-,-,-,,,,,,,,1.77,1.73,1.63,1.44,1.28,1.28,1.01,1.1,
2555,ARG,Argentina,IMF.GFSCOFOG.GEAT_G14_GDP_PT,"Expenditure on transport, Percent of GDP",Extrabudgetary central government,-,-,-,,,,,,,,0.54,0.65,0.58,0.56,0.61,0.42,0.46,0.34,
2556,ARG,Argentina,IMF.GFSCOFOG.GEAT_G14_GDP_PT,"Expenditure on transport, Percent of GDP",Social security funds,-,-,-,,,,,,,,0,0,0,0,0,0,0,0,
2557,ARG,Argentina,IMF.GFSCOFOG.GEAT_G14_GDP_PT,"Expenditure on transport, Percent of GDP",State governments,-,-,-,,,,,,,,,,,,,,,,
3228,ARM,Armenia,IMF.GFSCOFOG.GEAT_G14_GDP_PT,"Expenditure on transport, Percent of GDP",Budgetary central government,-,-,-,,,,,,,0.83,1.14,1.26,1.28,0.55,0.98,0.95,1.08,1.14,
3229,ARM,Armenia,IMF.GFSCOFOG.GEAT_G14_GDP_PT,"Expenditure on transport, Percent of GDP",Central government (excl. social security funds),-,-,-,,,,,,,0.84,,,,0.82,1.15,1.04,1.18,1.15,
3230,ARM,Armenia,IMF.GFSCOFOG.GEAT_G14_GDP_PT,"Expenditure on transport, Percent of GDP",Central government (incl. social security funds),-,-,-,,,,,,,0.84,,,,0.82,1.15,1.04,1.18,1.15,
3231,ARM,Armenia,IMF.GFSCOFOG.GEAT_G14_GDP_PT,"Expenditure on transport, Percent of GDP",Extrabudgetary central government,-,-,-,,,,,,,0.02,,,,0.41,0.27,0.14,0.16,0.07,
3232,ARM,Armenia,IMF.GFSCOFOG.GEAT_G14_GDP_PT,"Expenditure on transport, Percent of GDP",General government,-,-,-,,,,,,,1.37,,,,1.08,1.37,1.28,1.61,1.84,
3233,ARM,Armenia,IMF.GFSCOFOG.GEAT_G14_GDP_PT,"Expenditure on transport, Percent of GDP",Local governments,-,-,-,,,,,,,0.53,,,,0.26,0.22,0.25,0.43,0.69,
4252,AUS,Australia,IMF.GFSCOFOG.GEAT_G14_GDP_PT,"Expenditure on transport, Percent of GDP",Budgetary central government,-,-,-,0.25,0.31,0.53,0.51,0.34,0.64,0.37,0.51,0.43,0.41,0.51,0.48,0.41,0.38,0.56,
4253,AUS,Australia,IMF.GFSCOFOG.GEAT_G14_GDP_PT,"Expenditure on transport, Percent of GDP",Central government (excl. social security funds),-,-,-,0.25,0.31,0.53,0.51,0.34,0.64,0.37,0.51,0.43,0.41,0.51,0.48,0.41,0.38,0.56,
4254,AUS,Australia,IMF.GFSCOFOG.GEAT_G14_GDP_PT,"Expenditure on transport, Percent of GDP",Central government (incl. social security funds),-,-,-,0.25,0.31,0.53,0.51,0.34,0.64,0.37,0.51,0.43,0.41,0.51,0.48,0.41,0.38,0.56,
4255,AUS,Australia,IMF.GFSCOFOG.GEAT_G14_GDP_PT,"Expenditure on transport, Percent of GDP",General government,-,-,-,2.15,2.23,2.4,2.3,2.18,2.35,2.41,2.35,2.35,2.29,2.49,2.68,2.71,2.84,2.9,
4256,AUS,Australia,IMF.GFSCOFOG.GEAT_G14_GDP_PT,"Expenditure on transport, Percent of GDP",Local governments,-,-,-,0.48,0.48,0.54,0.49,0.53,0.56,0.58,0.58,0.58,0.55,0.54,0.54,0.54,0.55,0.51,
4257,AUS,Australia,IMF.GFSCOFOG.GEAT_G14_GDP_PT,"Expenditure on transport, Percent of GDP",State governments,-,-,-,1.72,1.79,1.88,1.89,1.72,1.89,1.94,1.92,1.89,1.8,2.03,2.22,2.27,2.36,2.53,
5142,AUT,Austria,IMF.GFSCOFOG.GEAT_G14_GDP_PT,"Expenditure on transport, Percent of GDP",Budgetary central government,-,-,-,,,,,,,,,,,,,,,,
5143,AUT,Austria,IMF.GFSCOFOG.GEAT_G14_GDP_PT,"Expenditure on transport, Percent of GDP",Central government (incl. social security funds),-,-,-,,,,,,,,,,,,,,,,
5144,AUT,Austria,IMF.GFSCOFOG.GEAT_G14_GDP_PT,"Expenditure on transport, Percent of GDP",Extrabudgetary central government,-,-,-,,,,,,,,,,,,,,,,
5145,AUT,Austria,IMF.GFSCOFOG.GEAT_G14_GDP_PT,"Expenditure on transport, Percent of GDP",General government,-,-,-,3.17,3.5,3.39,3.32,3.07,2.95,3.04,2.95,2.88,2.85,2.85,2.84,2.78,3.06,3.13,
5146,AUT,Austria,IMF.GFSCOFOG.GEAT_G14_GDP_PT,"Expenditure on transport, Percent of GDP",Social security funds,-,-,-,,,,,,,,,,,,,,,,
5147,AUT,Austria,IMF.GFSCOFOG.GEAT_G14_GDP_PT,"Expenditure on transport, Percent of GDP",State governments,-,-,-,,,,,,,,,,,,,,,,
5765,AZE,Azerbaijan,IMF.GFSCOFOG.GEAT_G14_GDP_PT,"Expenditure on transport, Percent of GDP",Budgetary central government,-,-,-,,0.21,0.2,0.12,0.11,0.14,0.13,0.14,0.14,0.57,0.56,0.14,0.15,0.35,0.16,
5766,AZE,Azerbaijan,IMF.GFSCOFOG.GEAT_G14_GDP_PT,"Expenditure on transport, Percent of GDP",Central government (excl. social security funds),-,-,-,,0.21,0.2,0.12,0.11,0.14,0.13,0.14,0.14,0.68,0.59,0.36,0.15,0.35,0.16,
5767,AZE,Azerbaijan,IMF.GFSCOFOG.GEAT_G14_GDP_PT,"Expenditure on transport, Percent of GDP",Central government (incl. social security funds),-,-,-,,0.21,0.2,0.12,0.11,0.14,0.13,0.14,0.14,0.68,0.59,0.36,0.15,0.35,0.16,
5768,AZE,Azerbaijan,IMF.GFSCOFOG.GEAT_G14_GDP_PT,"Expenditure on transport, Percent of GDP",Extrabudgetary central government,-,-,-,,0,0,0,0,0,0,0,0,0.11,0.03,0.22,0,0,0,
5769,AZE,Azerbaijan,IMF.GFSCOFOG.GEAT_G14_GDP_PT,"Expenditure on transport, Percent of GDP",General government,-,-,-,,0.25,0.24,0.14,0.13,0.16,0.15,0.16,0.17,0.71,0.62,0.38,0.17,0.37,0.17,
5770,AZE,Azerbaijan,IMF.GFSCOFOG.GEAT_G14_GDP_PT,"Expenditure on transport, Percent of GDP",Local governments,-,-,-,,0.02,0.01,0,0.01,0.01,0.01,0.01,0,0,0,0,0,0,0,
5771,AZE,Azerbaijan,IMF.GFSCOFOG.GEAT_G14_GDP_PT,"Expenditure on transport, Percent of GDP",Social security funds,-,-,-,,0,0,0,0,0,0,0,0,0,0,0,0,0,0,
5772,AZE,Azerbaijan,IMF.GFSCOFOG.GEAT_G14_GDP_PT,"Expenditure on transport, Percent of GDP",State governments,-,-,-,,0.02,0.03,0.02,0.02,0.02,0.02,0.02,0.02,0.02,0.02,0.02,0.02,0.02,0.01,
9580,BHR,Bahrain,IMF.GFSCOFOG.GEAT_G14_GDP_PT,"Expenditure on transport, Percent of GDP",Budgetary central government,-,-,-,0.55,0.47,0.58,5.88,1.68,3.27,2.3,1.88,2,1.78,0,0,0,,,
9581,BHR,Bahrain,IMF.GFSCOFOG.GEAT_G14_GDP_PT,"Expenditure on transport, Percent of GDP",Central government (excl. social security funds),-,-,-,,,,,,,,,,,,,,,,
9582,BHR,Bahrain,IMF.GFSCOFOG.GEAT_G14_GDP_PT,"Expenditure on transport, Percent of GDP",Central government (incl. social security funds),-,-,-,,,,,,,,,,,,,,,,
9583,BHR,Bahrain,IMF.GFSCOFOG.GEAT_G14_GDP_PT,"Expenditure on transport, Percent of GDP",Extrabudgetary central government,-,-,-,,,,,,,,,,,,,,,,
9584,BHR,Bahrain,IMF.GFSCOFOG.GEAT_G14_GDP_PT,"Expenditure on transport, Percent of GDP",Social security funds,-,-,-,,,,,,,,,,,,,,,,
8663,BGD,Bangladesh,IMF.GFSCOFOG.GEAT_G14_GDP_PT,"Expenditure on transport, Percent of GDP",Budgetary central government,-,-,-,0.45,0.37,0.34,,0.51,0.52,0.84,0.82,0.8,0.85,,,,,,
12563,BRB,Barbados,IMF.GFSCOFOG.GEAT_G14_GDP_PT,"Expenditure on transport, Percent of GDP",Budgetary central government,-,-,-,,,,,,,,,,,,,,,,
7359,BEL,Belgium,IMF.GFSCOFOG.GEAT_G14_GDP_PT,"Expenditure on transport, Percent of GDP",Central government (excl. social security funds),-,-,-,0.81,0.85,0.86,0.83,0.91,0.83,0.9,1.22,1.12,1.05,1,1.04,1.01,1.14,0.99,
7360,BEL,Belgium,IMF.GFSCOFOG.GEAT_G14_GDP_PT,"Expenditure on transport, Percent of GDP",General government,-,-,-,2.64,2.71,2.85,2.72,2.84,2.83,2.76,3.07,2.84,2.63,2.69,2.82,2.84,3,2.81,
7361,BEL,Belgium,IMF.GFSCOFOG.GEAT_G14_GDP_PT,"Expenditure on transport, Percent of GDP",Local governments,-,-,-,0.52,0.51,0.53,0.53,0.55,0.59,0.51,0.45,0.42,0.36,0.41,0.44,0.42,0.41,0.39,
7362,BEL,Belgium,IMF.GFSCOFOG.GEAT_G14_GDP_PT,"Expenditure on transport, Percent of GDP",Social security funds,-,-,-,0,0,0,0,0,0,0,0,0,0,0,0,0,0,0,
7363,BEL,Belgium,IMF.GFSCOFOG.GEAT_G14_GDP_PT,"Expenditure on transport, Percent of GDP",State governments,-,-,-,1.35,1.39,1.52,1.42,1.44,1.46,1.43,1.45,1.35,1.28,1.31,1.37,1.43,1.48,1.47,
11258,BLZ,Belize,IMF.GFSCOFOG.GEAT_G14_GDP_PT,"Expenditure on transport, Percent of GDP",Budgetary central government,-,-,-,,,,,,,,,,,,,,,,
12647,BTN,Bhutan,IMF.GFSCOFOG.GEAT_G14_GDP_PT,"Expenditure on transport, Percent of GDP",Budgetary central government,-,-,-,5.24,5.35,3.62,5.46,3.76,4.91,4.69,3.57,3.52,4.07,3.68,4.62,2.51,1.66,,
11370,BOL,Bolivia,IMF.GFSCOFOG.GEAT_G14_GDP_PT,"Expenditure on transport, Percent of GDP",Budgetary central government,-,-,-,1.55,,,,,,,,,,,,,,,
11371,BOL,Bolivia,IMF.GFSCOFOG.GEAT_G14_GDP_PT,"Expenditure on transport, Percent of GDP",Central government (excl. social security funds),-,-,-,2.36,,,,,,,,,,,,,,,
11372,BOL,Bolivia,IMF.GFSCOFOG.GEAT_G14_GDP_PT,"Expenditure on transport, Percent of GDP",Central government (incl. social security funds),-,-,-,2.36,,,,,,,,,,,,,,,
11373,BOL,Bolivia,IMF.GFSCOFOG.GEAT_G14_GDP_PT,"Expenditure on transport, Percent of GDP",Extrabudgetary central government,-,-,-,2.32,,,,,,,,,,,,,,,
11374,BOL,Bolivia,IMF.GFSCOFOG.GEAT_G14_GDP_PT,"Expenditure on transport, Percent of GDP",General government,-,-,-,5.04,,,,,,,,,,,,,,,
11375,BOL,Bolivia,IMF.GFSCOFOG.GEAT_G14_GDP_PT,"Expenditure on transport, Percent of GDP",Local governments,-,-,-,1.03,,,,,,,,,,,,,,,
11376,BOL,Bolivia,IMF.GFSCOFOG.GEAT_G14_GDP_PT,"Expenditure on transport, Percent of GDP",Social security funds,-,-,-,0,,,,,,,,,,,,,,,
11377,BOL,Bolivia,IMF.GFSCOFOG.GEAT_G14_GDP_PT,"Expenditure on transport, Percent of GDP",State governments,-,-,-,2.04,,,,,,,,,,,,,,,
12752,BWA,Botswana,IMF.GFSCOFOG.GEAT_G14_GDP_PT,"Expenditure on transport, Percent of GDP",Budgetary central government,-,-,-,,,,,,,,,,,1.59,1.47,1.22,0.95,0.7,
12753,BWA,Botswana,IMF.GFSCOFOG.GEAT_G14_GDP_PT,"Expenditure on transport, Percent of GDP",Local governments,-,-,-,,,,,,,,,,,,,,,,
11930,BRA,Brazil,IMF.GFSCOFOG.GEAT_G14_GDP_PT,"Expenditure on transport, Percent of GDP",Budgetary central government,-,-,-,,,,0.56,0.47,0.37,0.33,0.39,0.24,0.25,0.16,0.23,0.16,0.09,0.06,
11931,BRA,Brazil,IMF.GFSCOFOG.GEAT_G14_GDP_PT,"Expenditure on transport, Percent of GDP",Central government (excl. social security funds),-,-,-,,,,0.56,0.47,0.37,0.33,0.39,0.24,0.25,0.16,0.23,0.16,0.09,0.06,
11932,BRA,Brazil,IMF.GFSCOFOG.GEAT_G14_GDP_PT,"Expenditure on transport, Percent of GDP",Central government (incl. social security funds),-,-,-,,,,0.56,0.47,0.37,0.33,0.39,0.24,0.25,0.16,0.23,0.16,0.09,0.06,
11933,BRA,Brazil,IMF.GFSCOFOG.GEAT_G14_GDP_PT,"Expenditure on transport, Percent of GDP",Extrabudgetary central government,-,-,-,,,,0,0,0,0,0,0,0,0,0,0,0,0,
8883,BGR,Bulgaria,IMF.GFSCOFOG.GEAT_G14_GDP_PT,"Expenditure on transport, Percent of GDP",Budgetary central government,-,-,-,,,,,,,,,,,,,,,,
8884,BGR,Bulgaria,IMF.GFSCOFOG.GEAT_G14_GDP_PT,"Expenditure on transport, Percent of GDP",Central government (excl. social security funds),-,-,-,2.74,2.56,1.33,2.69,2.94,3.17,3,3.52,3.86,2.73,2.37,3.49,3.45,3.72,2.34,
8885,BGR,Bulgaria,IMF.GFSCOFOG.GEAT_G14_GDP_PT,"Expenditure on transport, Percent of GDP",Central government (incl. social security funds),-,-,-,,,,,,,,,,,,,,,,
8886,BGR,Bulgaria,IMF.GFSCOFOG.GEAT_G14_GDP_PT,"Expenditure on transport, Percent of GDP",Extrabudgetary central government,-,-,-,,,,,,,,,,,,,,,,
8887,BGR,Bulgaria,IMF.GFSCOFOG.GEAT_G14_GDP_PT,"Expenditure on transport, Percent of GDP",General government,-,-,-,3.28,3.41,1.91,3.45,3.1,3.41,3.34,3.41,3.91,2.41,2.02,3.35,3.36,3.72,2.4,
8888,BGR,Bulgaria,IMF.GFSCOFOG.GEAT_G14_GDP_PT,"Expenditure on transport, Percent of GDP",Local governments,-,-,-,0.54,0.85,0.58,0.76,0.16,0.24,0.34,0.54,0.7,0.25,0.2,0.38,0.38,0.32,0.47,
8889,BGR,Bulgaria,IMF.GFSCOFOG.GEAT_G14_GDP_PT,"Expenditure on transport, Percent of GDP",Social security funds,-,-,-,,,,,,,0,,,,,,,,,
8187,BFA,Burkina Faso,IMF.GFSCOFOG.GEAT_G14_GDP_PT,"Expenditure on transport, Percent of GDP",Budgetary central government,-,-,-,,,,,,,,,,,2.78,1.22,1.19,0.99,1.38,
8188,BFA,Burkina Faso,IMF.GFSCOFOG.GEAT_G14_GDP_PT,"Expenditure on transport, Percent of GDP",Extrabudgetary central government,-,-,-,,,,,,,,,,,,,0,,,
8189,BFA,Burkina Faso,IMF.GFSCOFOG.GEAT_G14_GDP_PT,"Expenditure on transport, Percent of GDP",Social security funds,-,-,-,,,,,,,,,,,,,0,0,,
7027,BDI,Burundi,IMF.GFSCOFOG.GEAT_G14_GDP_PT,"Expenditure on transport, Percent of GDP",Budgetary central government,-,-,-,,,,0.36,0.52,0.42,0.44,,,,,,,,,
7028,BDI,Burundi,IMF.GFSCOFOG.GEAT_G14_GDP_PT,"Expenditure on transport, Percent of GDP",Central government (incl. social security funds),-,-,-,,,,,,,,,,,,,,,,
7029,BDI,Burundi,IMF.GFSCOFOG.GEAT_G14_GDP_PT,"Expenditure on transport, Percent of GDP",Extrabudgetary central government,-,-,-,,,,,,,,,,,,,,,,
7030,BDI,Burundi,IMF.GFSCOFOG.GEAT_G14_GDP_PT,"Expenditure on transport, Percent of GDP",Social security funds,-,-,-,,,,,,,,,,,,,,,,
16330,CPV,Cabo Verde,IMF.GFSCOFOG.GEAT_G14_GDP_PT,"Expenditure on transport, Percent of GDP",Budgetary central government,-,-,-,,1.46,2.22,6.01,2.88,3.19,2.05,1.85,1.08,0.95,0.91,0.65,0.6,,,
16331,CPV,Cabo Verde,IMF.GFSCOFOG.GEAT_G14_GDP_PT,"Expenditure on transport, Percent of GDP",Central government (excl. social security funds),-,-,-,,1.47,2.24,6.12,2.98,3.3,2.15,1.95,1.1,0.97,0.94,,,,,
16332,CPV,Cabo Verde,IMF.GFSCOFOG.GEAT_G14_GDP_PT,"Expenditure on transport, Percent of GDP",Extrabudgetary central government,-,-,-,,0.01,0.02,0.11,0.1,0.11,0.11,0.1,0.02,0.02,0.03,,,,,
16333,CPV,Cabo Verde,IMF.GFSCOFOG.GEAT_G14_GDP_PT,"Expenditure on transport, Percent of GDP",Local governments,-,-,-,,0.06,0.06,0.07,0.06,0.05,,,,,,,,,,
15746,CMR,Cameroon,IMF.GFSCOFOG.GEAT_G14_GDP_PT,"Expenditure on transport, Percent of GDP",Budgetary central government,-,-,-,,,,,,,,,,,,,,,,
15747,CMR,Cameroon,IMF.GFSCOFOG.GEAT_G14_GDP_PT,"Expenditure on transport, Percent of GDP",Central government (excl. social security funds),-,-,-,,,,,,,,,,,,,,,,
15748,CMR,Cameroon,IMF.GFSCOFOG.GEAT_G14_GDP_PT,"Expenditure on transport, Percent of GDP",Central government (incl. social security funds),-,-,-,,,,,,,,,,,,,,,,
15749,CMR,Cameroon,IMF.GFSCOFOG.GEAT_G14_GDP_PT,"Expenditure on transport, Percent of GDP",Extrabudgetary central government,-,-,-,,,,,,,,,,,,,,,,
15750,CMR,Cameroon,IMF.GFSCOFOG.GEAT_G14_GDP_PT,"Expenditure on transport, Percent of GDP",Social security funds,-,-,-,,,,,,,,,,,,,,,,
13010,CAN,Canada,IMF.GFSCOFOG.GEAT_G14_GDP_PT,"Expenditure on transport, Percent of GDP",General government,-,-,-,,1.03,1.15,1.15,1.15,1.16,1.18,1.19,1.23,1.18,1.2,1.25,1.2,1.38,1.33,1.2
14237,CHL,Chile,IMF.GFSCOFOG.GEAT_G14_GDP_PT,"Expenditure on transport, Percent of GDP",Budgetary central government,-,-,-,1.57,1.84,2.39,2.07,2.06,1.96,1.81,1.87,2.02,2,1.84,1.79,1.88,1.63,1.69,
14238,CHL,Chile,IMF.GFSCOFOG.GEAT_G14_GDP_PT,"Expenditure on transport, Percent of GDP",Central government (excl. social security funds),-,-,-,1.57,1.84,2.39,2.07,2.06,1.96,1.81,1.87,2.02,2,1.84,1.79,1.88,1.63,1.69,
14239,CHL,Chile,IMF.GFSCOFOG.GEAT_G14_GDP_PT,"Expenditure on transport, Percent of GDP",Central government (incl. social security funds),-,-,-,1.57,1.84,2.39,2.07,2.06,1.96,1.81,1.87,2.02,2,1.84,1.79,1.88,1.63,1.69,
14240,CHL,Chile,IMF.GFSCOFOG.GEAT_G14_GDP_PT,"Expenditure on transport, Percent of GDP",Extrabudgetary central government,-,-,-,0,0,0,0,0,0,0,0,0,0,0,0,0,0,0,
14984,CHN,China,IMF.GFSCOFOG.GEAT_G14_GDP_PT,"Expenditure on transport, Percent of GDP",Budgetary central government,-,-,-,0.53,0.56,0.55,0.56,0.27,0.32,0.34,0.28,0.25,0.19,0.21,0.23,0.22,0.18,0.14,
14985,CHN,China,IMF.GFSCOFOG.GEAT_G14_GDP_PT,"Expenditure on transport, Percent of GDP",Central government (excl. social security funds),-,-,-,0.53,0.57,0.55,0.56,0.27,0.32,0.34,0.28,0.25,0.19,0.21,0.23,0.22,0.18,0.14,
14986,CHN,China,IMF.GFSCOFOG.GEAT_G14_GDP_PT,"Expenditure on transport, Percent of GDP",Central government (incl. social security funds),-,-,-,0.53,0.57,0.55,0.56,0.27,0.32,0.34,0.28,0.25,0.19,0.21,0.23,0.22,0.18,0.14,
14987,CHN,China,IMF.GFSCOFOG.GEAT_G14_GDP_PT,"Expenditure on transport, Percent of GDP",Extrabudgetary central government,-,-,-,0,0.01,0,0,,,,,,,,,,,,
14988,CHN,China,IMF.GFSCOFOG.GEAT_G14_GDP_PT,"Expenditure on transport, Percent of GDP",General government,-,-,-,1.41,1.77,1.91,1.68,2.02,1.96,2.08,2.06,2.18,1.72,1.63,1.63,1.61,1.65,1.29,
14989,CHN,China,IMF.GFSCOFOG.GEAT_G14_GDP_PT,"Expenditure on transport, Percent of GDP",Local governments,-,-,-,0.88,1.2,1.36,1.12,1.76,1.64,1.74,1.79,1.94,1.53,1.42,1.4,1.39,1.47,1.15,
14990,CHN,China,IMF.GFSCOFOG.GEAT_G14_GDP_PT,"Expenditure on transport, Percent of GDP",Social security funds,-,-,-,,,,,,,,0,0,0,0,0,0,0,0,
16221,COL,Colombia,IMF.GFSCOFOG.GEAT_G14_GDP_PT,"Expenditure on transport, Percent of GDP",Budgetary central government,-,-,-,,,,,,,,,,,,,,,,
15962,COD,"Congo, Dem. Rep.",IMF.GFSCOFOG.GEAT_G14_GDP_PT,"Expenditure on transport, Percent of GDP",Budgetary central government,-,-,-,,,,,,,,,,,,,,,,
15963,COD,"Congo, Dem. Rep.",IMF.GFSCOFOG.GEAT_G14_GDP_PT,"Expenditure on transport, Percent of GDP",Extrabudgetary central government,-,-,-,,,,,,,,,,,,,,,,
16127,COG,"Congo, Rep.",IMF.GFSCOFOG.GEAT_G14_GDP_PT,"Expenditure on transport, Percent of GDP",Budgetary central government,-,-,-,1.13,0.7,0.59,1.22,1.23,1.39,,,,,,,,,,
16861,CRI,Costa Rica,IMF.GFSCOFOG.GEAT_G14_GDP_PT,"Expenditure on transport, Percent of GDP",Budgetary central government,-,-,-,0.98,1.16,1.26,1.67,1.13,0.99,1.23,1.33,1.25,1.32,1.35,1.04,1.53,0.95,1.12,
16862,CRI,Costa Rica,IMF.GFSCOFOG.GEAT_G14_GDP_PT,"Expenditure on transport, Percent of GDP",Central government (excl. social security funds),-,-,-,,,,,,,1.26,1.36,1.28,1.54,1.43,1.43,1.42,1.09,0.88,
16863,CRI,Costa Rica,IMF.GFSCOFOG.GEAT_G14_GDP_PT,"Expenditure on transport, Percent of GDP",Central government (incl. social security funds),-,-,-,,,,,,,1.26,1.36,1.28,1.54,1.43,1.43,1.42,1.09,0.88,
16864,CRI,Costa Rica,IMF.GFSCOFOG.GEAT_G14_GDP_PT,"Expenditure on transport, Percent of GDP",Extrabudgetary central government,-,-,-,0.85,0.82,0.91,0.81,0.9,0.88,0.84,0.94,0.87,1.06,0.8,0.89,0.98,0.91,0.07,
16865,CRI,Costa Rica,IMF.GFSCOFOG.GEAT_G14_GDP_PT,"Expenditure on transport, Percent of GDP",General government,-,-,-,,,,,,,,,,,,,,,0.88,
16866,CRI,Costa Rica,IMF.GFSCOFOG.GEAT_G14_GDP_PT,"Expenditure on transport, Percent of GDP",Local governments,-,-,-,,,,,,,,,,,,,,,0,
16867,CRI,Costa Rica,IMF.GFSCOFOG.GEAT_G14_GDP_PT,"Expenditure on transport, Percent of GDP",Social security funds,-,-,-,0,0,0,0,0,0,0,0,0,0,0,0,0,0,0,
31787,HRV,Croatia,IMF.GFSCOFOG.GEAT_G14_GDP_PT,"Expenditure on transport, Percent of GDP",Budgetary central government,-,-,-,,,,,,,,,,,,,,,,
31788,HRV,Croatia,IMF.GFSCOFOG.GEAT_G14_GDP_PT,"Expenditure on transport, Percent of GDP",Central government (excl. social security funds),-,-,-,5.57,4.92,5.47,3.98,3.21,3.42,3.73,2.95,2.61,2.38,2.5,2.19,2.47,2.85,2.33,
31789,HRV,Croatia,IMF.GFSCOFOG.GEAT_G14_GDP_PT,"Expenditure on transport, Percent of GDP",Central government (incl. social security funds),-,-,-,,,,,,,,,,,,,,,,
31790,HRV,Croatia,IMF.GFSCOFOG.GEAT_G14_GDP_PT,"Expenditure on transport, Percent of GDP",Extrabudgetary central government,-,-,-,,,,,,,,,,,,,,,,
31791,HRV,Croatia,IMF.GFSCOFOG.GEAT_G14_GDP_PT,"Expenditure on transport, Percent of GDP",General government,-,-,-,6.2,5.62,6.16,4.55,3.7,3.96,4.54,3.69,3.26,3.05,3.15,3.25,3.51,4.05,3.36,
31792,HRV,Croatia,IMF.GFSCOFOG.GEAT_G14_GDP_PT,"Expenditure on transport, Percent of GDP",Local governments,-,-,-,0.64,0.7,0.69,0.57,0.49,0.53,0.8,0.73,0.65,0.68,0.65,1.05,1.03,1.2,1.03,
31793,HRV,Croatia,IMF.GFSCOFOG.GEAT_G14_GDP_PT,"Expenditure on transport, Percent of GDP",Social security funds,-,-,-,0,0,0,0,0,0,0,0,0,0,0,0,0,0,0,
18018,CYP,Cyprus,IMF.GFSCOFOG.GEAT_G14_GDP_PT,"Expenditure on transport, Percent of GDP",Budgetary central government,-,-,-,,,,,,,,,,,,,,,,
18019,CYP,Cyprus,IMF.GFSCOFOG.GEAT_G14_GDP_PT,"Expenditure on transport, Percent of GDP",Central government (excl. social security funds),-,-,-,0.8,0.76,0.84,1.05,1.04,0.89,0.97,0.65,0.6,0.61,0.68,0.63,0.59,0.73,0.82,
18020,CYP,Cyprus,IMF.GFSCOFOG.GEAT_G14_GDP_PT,"Expenditure on transport, Percent of GDP",Central government (incl. social security funds),-,-,-,,,,,,,,,,,,,,,,
18021,CYP,Cyprus,IMF.GFSCOFOG.GEAT_G14_GDP_PT,"Expenditure on transport, Percent of GDP",Extrabudgetary central government,-,-,-,,,,,,,,,,,,,,,,
18022,CYP,Cyprus,IMF.GFSCOFOG.GEAT_G14_GDP_PT,"Expenditure on transport, Percent of GDP",General government,-,-,-,0.8,0.76,0.84,1.05,1.04,0.89,0.97,0.65,0.6,0.61,0.68,0.63,0.59,0.73,0.82,
18023,CYP,Cyprus,IMF.GFSCOFOG.GEAT_G14_GDP_PT,"Expenditure on transport, Percent of GDP",Local governments,-,-,-,0,0,0,0,0,0,0,0,0,0,0,0,0,0,0,
18024,CYP,Cyprus,IMF.GFSCOFOG.GEAT_G14_GDP_PT,"Expenditure on transport, Percent of GDP",Social security funds,-,-,-,0,0,0,0,0,0,0,0,0,0,0,0,0,0,0,
18828,CZE,Czechia,IMF.GFSCOFOG.GEAT_G14_GDP_PT,"Expenditure on transport, Percent of GDP",Central government (excl. social security funds),-,-,-,2.31,2.82,2.82,2.39,1.84,1.62,1.51,1.49,2.13,1.97,1.58,1.7,1.88,2.2,2.15,
18829,CZE,Czechia,IMF.GFSCOFOG.GEAT_G14_GDP_PT,"Expenditure on transport, Percent of GDP",General government,-,-,-,4.13,4.73,5.01,4.53,3.79,3.48,3.19,3.37,3.86,3.45,3.2,3.42,3.59,4.07,3.89,
18830,CZE,Czechia,IMF.GFSCOFOG.GEAT_G14_GDP_PT,"Expenditure on transport, Percent of GDP",Local governments,-,-,-,1.89,2.02,2.38,2.34,2.08,1.96,1.81,1.99,1.92,1.64,1.78,1.89,1.85,2.06,1.94,
18831,CZE,Czechia,IMF.GFSCOFOG.GEAT_G14_GDP_PT,"Expenditure on transport, Percent of GDP",Social security funds,-,-,-,0,0,0,0,0,0,0,0,0,0,0,0,0,0,0,
20145,DNK,Denmark,IMF.GFSCOFOG.GEAT_G14_GDP_PT,"Expenditure on transport, Percent of GDP",Budgetary central government,-,-,-,,,,,,,,,,,,,,,,
20146,DNK,Denmark,IMF.GFSCOFOG.GEAT_G14_GDP_PT,"Expenditure on transport, Percent of GDP",Central government (excl. social security funds),-,-,-,0.77,0.78,0.87,1.03,1.05,1.19,1.09,1.15,1.18,1,0.96,0.98,0.95,1.17,0.86,
20147,DNK,Denmark,IMF.GFSCOFOG.GEAT_G14_GDP_PT,"Expenditure on transport, Percent of GDP",Central government (incl. social security funds),-,-,-,,,,,,,,,,,,,,,,
20148,DNK,Denmark,IMF.GFSCOFOG.GEAT_G14_GDP_PT,"Expenditure on transport, Percent of GDP",General government,-,-,-,1.57,1.63,1.81,2.05,2.05,2.18,2.08,2.16,2.2,1.94,1.92,1.89,1.75,2.05,1.68,
20149,DNK,Denmark,IMF.GFSCOFOG.GEAT_G14_GDP_PT,"Expenditure on transport, Percent of GDP",Local governments,-,-,-,0.81,0.85,0.94,1.04,1,1,1,1.03,1.04,0.97,1,0.94,0.85,0.92,0.83,
20150,DNK,Denmark,IMF.GFSCOFOG.GEAT_G14_GDP_PT,"Expenditure on transport, Percent of GDP",Social security funds,-,-,-,0,0,0,0,0,0,0,0,0,0,0,0,0,0,0,
20894,DOM,Dominican Republic,IMF.GFSCOFOG.GEAT_G14_GDP_PT,"Expenditure on transport, Percent of GDP",Budgetary central government,-,-,-,,,,,,,,0.87,0.92,0.76,1.02,0.84,0.82,0.78,1.23,
20895,DOM,Dominican Republic,IMF.GFSCOFOG.GEAT_G14_GDP_PT,"Expenditure on transport, Percent of GDP",Central government (excl. social security funds),-,-,-,,,,,,,,,,,,,,,,
20896,DOM,Dominican Republic,IMF.GFSCOFOG.GEAT_G14_GDP_PT,"Expenditure on transport, Percent of GDP",Central government (incl. social security funds),-,-,-,,,,,,,,,,,,,,,,
20897,DOM,Dominican Republic,IMF.GFSCOFOG.GEAT_G14_GDP_PT,"Expenditure on transport, Percent of GDP",Extrabudgetary central government,-,-,-,,,,,,,,,,,,,,,,
20898,DOM,Dominican Republic,IMF.GFSCOFOG.GEAT_G14_GDP_PT,"Expenditure on transport, Percent of GDP",Social security funds,-,-,-,,,,,,,,,,,,,,,,
21408,ECU,Ecuador,IMF.GFSCOFOG.GEAT_G14_GDP_PT,"Expenditure on transport, Percent of GDP",Budgetary central government,-,-,-,,,,,,,,,,,,,,,,
21514,EGY,"Egypt, Arab Rep.",IMF.GFSCOFOG.GEAT_G14_GDP_PT,"Expenditure on transport, Percent of GDP",Budgetary central government,-,-,-,0.4,,,,,,,,,,,,,,,
21515,EGY,"Egypt, Arab Rep.",IMF.GFSCOFOG.GEAT_G14_GDP_PT,"Expenditure on transport, Percent of GDP",Central government (excl. social security funds),-,-,-,0.4,,,,,,,,,,,,,,,
21516,EGY,"Egypt, Arab Rep.",IMF.GFSCOFOG.GEAT_G14_GDP_PT,"Expenditure on transport, Percent of GDP",Central government (incl. social security funds),-,-,-,0.4,,,,,,,,,,,,,,,
21517,EGY,"Egypt, Arab Rep.",IMF.GFSCOFOG.GEAT_G14_GDP_PT,"Expenditure on transport, Percent of GDP",Extrabudgetary central government,-,-,-,0,0,0,0,0,,,,,,,,,,,
21518,EGY,"Egypt, Arab Rep.",IMF.GFSCOFOG.GEAT_G14_GDP_PT,"Expenditure on transport, Percent of GDP",General government,-,-,-,0.4,,,,,,,,,,,,,,,
21519,EGY,"Egypt, Arab Rep.",IMF.GFSCOFOG.GEAT_G14_GDP_PT,"Expenditure on transport, Percent of GDP",Social security funds,-,-,-,0,0,0,0,0,,,,,,,,,,,
66475,SLV,El Salvador,IMF.GFSCOFOG.GEAT_G14_GDP_PT,"Expenditure on transport, Percent of GDP",Budgetary central government,-,-,-,0.48,0.4,0.88,0.98,0.69,,0.7,0.26,0.66,0.64,0.64,0.67,0.68,0.7,0.85,
66476,SLV,El Salvador,IMF.GFSCOFOG.GEAT_G14_GDP_PT,"Expenditure on transport, Percent of GDP",Central government (excl. social security funds),-,-,-,0.62,0.45,,0.92,0.9,,0.33,0.11,0.7,0.56,0.59,0.67,0.53,0.73,0.91,
66477,SLV,El Salvador,IMF.GFSCOFOG.GEAT_G14_GDP_PT,"Expenditure on transport, Percent of GDP",Central government (incl. social security funds),-,-,-,0.62,0.45,,0.92,0.9,,0.33,0.11,0.7,0.56,0.59,0.67,0.53,0.73,0.91,
66478,SLV,El Salvador,IMF.GFSCOFOG.GEAT_G14_GDP_PT,"Expenditure on transport, Percent of GDP",Extrabudgetary central government,-,-,-,0.56,0.05,0.83,0.38,0.48,,0.03,0.26,0.5,0.37,0.41,0.66,0.52,0.61,0.72,
66479,SLV,El Salvador,IMF.GFSCOFOG.GEAT_G14_GDP_PT,"Expenditure on transport, Percent of GDP",General government,-,-,-,0.62,0.45,,0.93,0.91,,0.34,0.12,0.71,0.56,0.6,0.84,0.73,1,1.05,
66480,SLV,El Salvador,IMF.GFSCOFOG.GEAT_G14_GDP_PT,"Expenditure on transport, Percent of GDP",Local governments,-,-,-,0,0,0.02,0.01,0.01,0,0.01,0.01,0.01,0,0,0.16,0.2,0.27,0.14,
66481,SLV,El Salvador,IMF.GFSCOFOG.GEAT_G14_GDP_PT,"Expenditure on transport, Percent of GDP",Social security funds,-,-,-,0,0,0,0,0,0,0,0,0,0,0,0,0,0,0,
23473,EST,Estonia,IMF.GFSCOFOG.GEAT_G14_GDP_PT,"Expenditure on transport, Percent of GDP",Budgetary central government,-,-,-,,,,,,,,,,,,,,,,
23474,EST,Estonia,IMF.GFSCOFOG.GEAT_G14_GDP_PT,"Expenditure on transport, Percent of GDP",Central government (excl. social security funds),-,-,-,1.55,1.96,1.93,2.13,2.12,1.96,1.94,2.1,2.45,1.92,2.16,1.8,1.77,2.24,1.95,
23475,EST,Estonia,IMF.GFSCOFOG.GEAT_G14_GDP_PT,"Expenditure on transport, Percent of GDP",Central government (incl. social security funds),-,-,-,,,,,,,,,,,,,,,,
23476,EST,Estonia,IMF.GFSCOFOG.GEAT_G14_GDP_PT,"Expenditure on transport, Percent of GDP",Extrabudgetary central government,-,-,-,,,,,,,,,,,,,,,,
23477,EST,Estonia,IMF.GFSCOFOG.GEAT_G14_GDP_PT,"Expenditure on transport, Percent of GDP",General government,-,-,-,2.49,2.81,2.75,2.77,2.75,2.75,2.99,2.98,3.24,2.69,3.21,2.65,2.63,3.03,2.95,
23478,EST,Estonia,IMF.GFSCOFOG.GEAT_G14_GDP_PT,"Expenditure on transport, Percent of GDP",Local governments,-,-,-,0.98,1.15,0.96,0.77,0.76,0.93,1.25,1.08,1.17,1.01,1.26,1.11,1.17,1.25,1.33,
23479,EST,Estonia,IMF.GFSCOFOG.GEAT_G14_GDP_PT,"Expenditure on transport, Percent of GDP",Social security funds,-,-,-,0,0,0,0,0,0,0,0,0,0,0,0,0,0,0,
72734,SWZ,Eswatini,IMF.GFSCOFOG.GEAT_G14_GDP_PT,"Expenditure on transport, Percent of GDP",Budgetary central government,-,-,-,,,,,,,,,,,,,,,,
24334,ETH,Ethiopia,IMF.GFSCOFOG.GEAT_G14_GDP_PT,"Expenditure on transport, Percent of GDP",Budgetary central government,-,-,-,0.11,,,,,0.11,0.13,0.04,1.93,1.57,1.39,1.08,1.01,0.99,,
24335,ETH,Ethiopia,IMF.GFSCOFOG.GEAT_G14_GDP_PT,"Expenditure on transport, Percent of GDP",Central government (excl. social security funds),-,-,-,,,,,,,,,,,,,,,,
24336,ETH,Ethiopia,IMF.GFSCOFOG.GEAT_G14_GDP_PT,"Expenditure on transport, Percent of GDP",Central government (incl. social security funds),-,-,-,,,,,,,,,,,,,,,,
24337,ETH,Ethiopia,IMF.GFSCOFOG.GEAT_G14_GDP_PT,"Expenditure on transport, Percent of GDP",Extrabudgetary central government,-,-,-,,,,,,,,,,,,,,,,
24338,ETH,Ethiopia,IMF.GFSCOFOG.GEAT_G14_GDP_PT,"Expenditure on transport, Percent of GDP",Social security funds,-,-,-,,,,,,,,,,,,,,,,
24339,ETH,Ethiopia,IMF.GFSCOFOG.GEAT_G14_GDP_PT,"Expenditure on transport, Percent of GDP",State governments,-,-,-,0.03,,,,,,,,,,,,,,,
24989,FIN,Finland,IMF.GFSCOFOG.GEAT_G14_GDP_PT,"Expenditure on transport, Percent of GDP",Budgetary central government,-,-,-,,,,,,,,,,,,,,,,
24990,FIN,Finland,IMF.GFSCOFOG.GEAT_G14_GDP_PT,"Expenditure on transport, Percent of GDP",Central government (excl. social security funds),-,-,-,1.11,1.16,1.29,1.26,1.14,1.19,1.21,1.23,1.14,1.16,1.11,1.14,1.1,1.3,1.34,
24991,FIN,Finland,IMF.GFSCOFOG.GEAT_G14_GDP_PT,"Expenditure on transport, Percent of GDP",Central government (incl. social security funds),-,-,-,,,,,,,,,,,,,,,,
24992,FIN,Finland,IMF.GFSCOFOG.GEAT_G14_GDP_PT,"Expenditure on transport, Percent of GDP",Extrabudgetary central government,-,-,-,,,,,,,,,,,,,,,,
24993,FIN,Finland,IMF.GFSCOFOG.GEAT_G14_GDP_PT,"Expenditure on transport, Percent of GDP",General government,-,-,-,1.99,2.13,2.3,2.25,2.25,2.38,2.38,2.51,2.43,2.34,2.29,2.2,2.24,2.51,2.45,
24994,FIN,Finland,IMF.GFSCOFOG.GEAT_G14_GDP_PT,"Expenditure on transport, Percent of GDP",Local governments,-,-,-,0.91,1,1.05,1.01,1.14,1.21,1.2,1.33,1.34,1.22,1.2,1.1,1.19,1.29,1.19,
24995,FIN,Finland,IMF.GFSCOFOG.GEAT_G14_GDP_PT,"Expenditure on transport, Percent of GDP",Social security funds,-,-,-,0,0,0,0,0,0,0,0,0,0,0,0,0,0,0,
25961,FRA,France,IMF.GFSCOFOG.GEAT_G14_GDP_PT,"Expenditure on transport, Percent of GDP",Budgetary central government,-,-,-,,,,,,,,,,,,,,,,
25962,FRA,France,IMF.GFSCOFOG.GEAT_G14_GDP_PT,"Expenditure on transport, Percent of GDP",Central government (excl. social security funds),-,-,-,0.5,0.5,0.51,0.54,0.5,0.42,0.51,0.48,0.47,0.57,0.56,0.55,0.52,0.55,0.54,
25963,FRA,France,IMF.GFSCOFOG.GEAT_G14_GDP_PT,"Expenditure on transport, Percent of GDP",Central government (incl. social security funds),-,-,-,,,,,,,,,,,,,,,,
25964,FRA,France,IMF.GFSCOFOG.GEAT_G14_GDP_PT,"Expenditure on transport, Percent of GDP",Extrabudgetary central government,-,-,-,,,,,,,,,,,,,,,,
25965,FRA,France,IMF.GFSCOFOG.GEAT_G14_GDP_PT,"Expenditure on transport, Percent of GDP",General government,-,-,-,1.86,1.9,1.94,1.95,1.94,1.92,2.06,1.97,1.92,1.97,1.98,1.99,2.01,2.17,2.11,
25966,FRA,France,IMF.GFSCOFOG.GEAT_G14_GDP_PT,"Expenditure on transport, Percent of GDP",Local governments,-,-,-,1.48,1.46,1.48,1.44,1.46,1.52,1.58,1.52,1.49,1.43,1.45,1.48,1.54,1.68,1.62,
25967,FRA,France,IMF.GFSCOFOG.GEAT_G14_GDP_PT,"Expenditure on transport, Percent of GDP",Social security funds,-,-,-,0,0,0,0,0,0,0,0,0,0,0,0,0,0,0,
29142,GMB,"Gambia, The",IMF.GFSCOFOG.GEAT_G14_GDP_PT,"Expenditure on transport, Percent of GDP",Budgetary central government,-,-,-,,,,,,,,,,,,,,,,
29143,GMB,"Gambia, The",IMF.GFSCOFOG.GEAT_G14_GDP_PT,"Expenditure on transport, Percent of GDP",Central government (excl. social security funds),-,-,-,,,,,,,,,,,,,,,,
29144,GMB,"Gambia, The",IMF.GFSCOFOG.GEAT_G14_GDP_PT,"Expenditure on transport, Percent of GDP",Central government (incl. social security funds),-,-,-,,,,,,,,,,,,,,,,
29145,GMB,"Gambia, The",IMF.GFSCOFOG.GEAT_G14_GDP_PT,"Expenditure on transport, Percent of GDP",Extrabudgetary central government,-,-,-,,,,,,,,,,,,,,,,
28030,GEO,Georgia,IMF.GFSCOFOG.GEAT_G14_GDP_PT,"Expenditure on transport, Percent of GDP",Budgetary central government,-,-,-,0.6,1.38,2.72,2.5,2.32,1.41,1.13,1.17,1.09,1.8,2.34,2.78,2.8,3.15,2.71,
28031,GEO,Georgia,IMF.GFSCOFOG.GEAT_G14_GDP_PT,"Expenditure on transport, Percent of GDP",Central government (excl. social security funds),-,-,-,0.6,1.38,2.72,2.5,2.32,1.41,1.17,1.21,1.16,1.87,2.41,2.82,2.84,3.18,2.73,
28032,GEO,Georgia,IMF.GFSCOFOG.GEAT_G14_GDP_PT,"Expenditure on transport, Percent of GDP",Central government (incl. social security funds),-,-,-,0.6,1.38,2.72,2.5,2.32,1.41,1.17,1.21,1.16,1.87,2.41,2.82,2.84,3.18,2.73,
28033,GEO,Georgia,IMF.GFSCOFOG.GEAT_G14_GDP_PT,"Expenditure on transport, Percent of GDP",Extrabudgetary central government,-,-,-,,,,,,,0.03,0.05,0.07,0.07,0.07,0.04,0.04,0.04,0.05,
28034,GEO,Georgia,IMF.GFSCOFOG.GEAT_G14_GDP_PT,"Expenditure on transport, Percent of GDP",General government,-,-,-,1.01,2.45,4.01,3.67,2.92,2.4,2.14,2,2.01,2.81,3.44,3.86,4.18,4.65,4.07,
28035,GEO,Georgia,IMF.GFSCOFOG.GEAT_G14_GDP_PT,"Expenditure on transport, Percent of GDP",Local governments,-,-,-,0.41,1.07,1.29,1.17,0.6,0.99,0.98,0.78,0.85,0.94,1.03,1.04,1.34,1.51,1.38,
28036,GEO,Georgia,IMF.GFSCOFOG.GEAT_G14_GDP_PT,"Expenditure on transport, Percent of GDP",Social security funds,-,-,-,,,,,,,,,,,,,,,,
19568,DEU,Germany,IMF.GFSCOFOG.GEAT_G14_GDP_PT,"Expenditure on transport, Percent of GDP",Budgetary central government,-,-,-,,,,,,,,,,,,,,,,
19569,DEU,Germany,IMF.GFSCOFOG.GEAT_G14_GDP_PT,"Expenditure on transport, Percent of GDP",Central government (incl. social security funds),-,-,-,,,,,,,,,,,,,,,,
19570,DEU,Germany,IMF.GFSCOFOG.GEAT_G14_GDP_PT,"Expenditure on transport, Percent of GDP",Extrabudgetary central government,-,-,-,,,,,,,,,,,,,,,,
19571,DEU,Germany,IMF.GFSCOFOG.GEAT_G14_GDP_PT,"Expenditure on transport, Percent of GDP",General government,-,-,-,1.54,1.57,1.71,1.63,1.64,1.57,1.59,1.54,1.54,1.52,1.58,1.58,1.61,1.76,2.05,
19572,DEU,Germany,IMF.GFSCOFOG.GEAT_G14_GDP_PT,"Expenditure on transport, Percent of GDP",Local governments,-,-,-,,,,,,,,,,,,,,,,
19573,DEU,Germany,IMF.GFSCOFOG.GEAT_G14_GDP_PT,"Expenditure on transport, Percent of GDP",Social security funds,-,-,-,,,,,,,,,,,,,,,,
19574,DEU,Germany,IMF.GFSCOFOG.GEAT_G14_GDP_PT,"Expenditure on transport, Percent of GDP",State governments,-,-,-,,,,,,,,,,,,,,,,
29066,GHA,Ghana,IMF.GFSCOFOG.GEAT_G14_GDP_PT,"Expenditure on transport, Percent of GDP",Budgetary central government,-,-,-,,,,,,,,,,,,,,,,
29437,GRC,Greece,IMF.GFSCOFOG.GEAT_G14_GDP_PT,"Expenditure on transport, Percent of GDP",Budgetary central government,-,-,-,,,,,,,,,,,,,,,,
29438,GRC,Greece,IMF.GFSCOFOG.GEAT_G14_GDP_PT,"Expenditure on transport, Percent of GDP",Central government (excl. social security funds),-,-,-,2.3,2.35,2.08,1.69,1.51,1.42,3.17,1.94,2.35,2.37,1.61,1.21,1.04,1.06,1.06,
29439,GRC,Greece,IMF.GFSCOFOG.GEAT_G14_GDP_PT,"Expenditure on transport, Percent of GDP",General government,-,-,-,3.15,3.26,3.01,2.46,2,1.95,3.73,2.55,3.13,3.09,2.27,1.93,1.88,2.09,2.2,
29440,GRC,Greece,IMF.GFSCOFOG.GEAT_G14_GDP_PT,"Expenditure on transport, Percent of GDP",Local governments,-,-,-,0.86,0.91,0.93,0.77,0.49,0.53,0.56,0.61,0.78,0.72,0.66,0.72,0.84,1.03,1.14,
29441,GRC,Greece,IMF.GFSCOFOG.GEAT_G14_GDP_PT,"Expenditure on transport, Percent of GDP",Social security funds,-,-,-,0,0,0,0,0,0,0,0,0,0,0,0,0,0,0,
30263,GTM,Guatemala,IMF.GFSCOFOG.GEAT_G14_GDP_PT,"Expenditure on transport, Percent of GDP",Budgetary central government,-,-,-,1.87,1.66,1.56,1.53,1.99,1.46,1.25,1.21,0.74,0.58,0.54,0.81,0.91,0.86,0.95,
30264,GTM,Guatemala,IMF.GFSCOFOG.GEAT_G14_GDP_PT,"Expenditure on transport, Percent of GDP",Central government (excl. social security funds),-,-,-,,,,,,,,1.21,0.74,0.58,0.54,0.81,0.91,0.86,0.95,
30265,GTM,Guatemala,IMF.GFSCOFOG.GEAT_G14_GDP_PT,"Expenditure on transport, Percent of GDP",Central government (incl. social security funds),-,-,-,,,,,,,,1.21,0.74,0.58,0.54,0.81,0.91,0.86,0.95,
30266,GTM,Guatemala,IMF.GFSCOFOG.GEAT_G14_GDP_PT,"Expenditure on transport, Percent of GDP",Extrabudgetary central government,-,-,-,,,,,,,,0.01,0,0,0,0,0,0,0,
30267,GTM,Guatemala,IMF.GFSCOFOG.GEAT_G14_GDP_PT,"Expenditure on transport, Percent of GDP",General government,-,-,-,,,,,,,,1.62,1.19,0.87,0.92,1.18,1.31,1.05,1.28,
30268,GTM,Guatemala,IMF.GFSCOFOG.GEAT_G14_GDP_PT,"Expenditure on transport, Percent of GDP",Local governments,-,-,-,,,,,,,,0.57,0.53,0.46,0.43,0.4,0.43,0.36,0.5,
30269,GTM,Guatemala,IMF.GFSCOFOG.GEAT_G14_GDP_PT,"Expenditure on transport, Percent of GDP",Social security funds,-,-,-,,,,,,,,0,0,0,0,0,0,0,0,
31521,HND,Honduras,IMF.GFSCOFOG.GEAT_G14_GDP_PT,"Expenditure on transport, Percent of GDP",Budgetary central government,-,-,-,,,,,,,,,,,,,,1.77,,
31351,HKG,"Hong Kong SAR, China",IMF.GFSCOFOG.GEAT_G14_GDP_PT,"Expenditure on transport, Percent of GDP",General government,-,-,-,0.49,0.52,1.38,1.29,1.52,1.73,2.06,2,2.16,2.1,1.77,1.48,1.6,1.24,,
32608,HUN,Hungary,IMF.GFSCOFOG.GEAT_G14_GDP_PT,"Expenditure on transport, Percent of GDP",Budgetary central government,-,-,-,,,,,,,,,,,,,,,,
32609,HUN,Hungary,IMF.GFSCOFOG.GEAT_G14_GDP_PT,"Expenditure on transport, Percent of GDP",Central government (excl. social security funds),-,-,-,3.71,2.99,2.78,2.65,2.98,2.77,2.97,3.68,3.89,2.94,3.19,3.7,4.39,4.05,4.25,
32610,HUN,Hungary,IMF.GFSCOFOG.GEAT_G14_GDP_PT,"Expenditure on transport, Percent of GDP",Central government (incl. social security funds),-,-,-,,,,,,,,,,,,,,,,
32611,HUN,Hungary,IMF.GFSCOFOG.GEAT_G14_GDP_PT,"Expenditure on transport, Percent of GDP",Extrabudgetary central government,-,-,-,,,,,,,,,,,,,,,,
32612,HUN,Hungary,IMF.GFSCOFOG.GEAT_G14_GDP_PT,"Expenditure on transport, Percent of GDP",General government,-,-,-,3.89,3.31,3.23,3.2,3.48,3.31,3.67,4.53,4.58,3.44,3.77,4.59,5.24,4.83,4.87,
32613,HUN,Hungary,IMF.GFSCOFOG.GEAT_G14_GDP_PT,"Expenditure on transport, Percent of GDP",Local governments,-,-,-,0.51,0.52,0.63,0.82,0.79,0.72,0.78,0.9,0.78,0.6,0.64,0.96,0.98,0.91,0.81,
32614,HUN,Hungary,IMF.GFSCOFOG.GEAT_G14_GDP_PT,"Expenditure on transport, Percent of GDP",Social security funds,-,-,-,0,0,0,0,0,0,0,0,0,0,0,0,0,0,0,
36006,ISL,Iceland,IMF.GFSCOFOG.GEAT_G14_GDP_PT,"Expenditure on transport, Percent of GDP",Budgetary central government,-,-,-,1.92,2.41,2.18,1.75,1.3,1.2,1.32,1.32,1.29,1.23,1.33,1.75,1.48,,,
36007,ISL,Iceland,IMF.GFSCOFOG.GEAT_G14_GDP_PT,"Expenditure on transport, Percent of GDP",Central government (excl. social security funds),-,-,-,1.92,2.41,2.18,1.75,1.3,1.2,1.32,1.32,1.29,1.23,1.33,1.75,1.48,1.74,1.74,
36008,ISL,Iceland,IMF.GFSCOFOG.GEAT_G14_GDP_PT,"Expenditure on transport, Percent of GDP",Central government (incl. social security funds),-,-,-,1.92,2.41,2.18,1.75,1.3,1.2,1.32,1.32,1.29,1.23,1.33,1.75,1.48,,,
36009,ISL,Iceland,IMF.GFSCOFOG.GEAT_G14_GDP_PT,"Expenditure on transport, Percent of GDP",General government,-,-,-,3.31,3.74,2.93,2.43,2.03,2.1,2.39,2.25,2.14,2.17,2.5,3.16,2.79,2.95,3.04,
36010,ISL,Iceland,IMF.GFSCOFOG.GEAT_G14_GDP_PT,"Expenditure on transport, Percent of GDP",Local governments,-,-,-,1.48,1.45,0.86,0.78,0.8,0.99,1.19,1.03,0.95,1.05,1.22,1.48,1.36,1.3,1.34,
36011,ISL,Iceland,IMF.GFSCOFOG.GEAT_G14_GDP_PT,"Expenditure on transport, Percent of GDP",Social security funds,-,-,-,0,0,0,0,0,0,0,0,0,0,0,0,0,0,0,
34299,IND,India,IMF.GFSCOFOG.GEAT_G14_GDP_PT,"Expenditure on transport, Percent of GDP",Budgetary central government,-,-,-,,,,,0.53,,0.44,0.26,0.21,0.17,0.08,0.05,,,,
34300,IND,India,IMF.GFSCOFOG.GEAT_G14_GDP_PT,"Expenditure on transport, Percent of GDP",State governments,-,-,-,0.89,0.95,,,,,,,0.91,0.94,0.98,,,,,
33474,IDN,Indonesia,IMF.GFSCOFOG.GEAT_G14_GDP_PT,"Expenditure on transport, Percent of GDP",Budgetary central government,-,-,-,,,,,,,,,,,,,,,,
33475,IDN,Indonesia,IMF.GFSCOFOG.GEAT_G14_GDP_PT,"Expenditure on transport, Percent of GDP",Central government (excl. social security funds),-,-,-,,,,,,,,,0.78,,,,0.53,,,
33476,IDN,Indonesia,IMF.GFSCOFOG.GEAT_G14_GDP_PT,"Expenditure on transport, Percent of GDP",Central government (incl. social security funds),-,-,-,,,,,,,,,0.78,,,,0.53,,,
33477,IDN,Indonesia,IMF.GFSCOFOG.GEAT_G14_GDP_PT,"Expenditure on transport, Percent of GDP",Extrabudgetary central government,-,-,-,,,,,,,,,,,,,,,,
33478,IDN,Indonesia,IMF.GFSCOFOG.GEAT_G14_GDP_PT,"Expenditure on transport, Percent of GDP",Local governments,-,-,-,,,,,,,,,,,,,,,,
33479,IDN,Indonesia,IMF.GFSCOFOG.GEAT_G14_GDP_PT,"Expenditure on transport, Percent of GDP",Social security funds,-,-,-,,,,,,,,,,,,,,,,
33480,IDN,Indonesia,IMF.GFSCOFOG.GEAT_G14_GDP_PT,"Expenditure on transport, Percent of GDP",State governments,-,-,-,,,,,,,,,,,,,,,,
35319,IRN,"Iran, Islamic Rep.",IMF.GFSCOFOG.GEAT_G14_GDP_PT,"Expenditure on transport, Percent of GDP",Budgetary central government,-,-,-,1.16,1.65,1.38,,,,,,,,,,,,,
35320,IRN,"Iran, Islamic Rep.",IMF.GFSCOFOG.GEAT_G14_GDP_PT,"Expenditure on transport, Percent of GDP",Central government (excl. social security funds),-,-,-,1.16,1.65,1.38,,,,,,,,,,,,,
35321,IRN,"Iran, Islamic Rep.",IMF.GFSCOFOG.GEAT_G14_GDP_PT,"Expenditure on transport, Percent of GDP",Central government (incl. social security funds),-,-,-,,1.65,1.38,,,,,,,,,,,,,
35322,IRN,"Iran, Islamic Rep.",IMF.GFSCOFOG.GEAT_G14_GDP_PT,"Expenditure on transport, Percent of GDP",Extrabudgetary central government,-,-,-,0,0,0,,,,,,,,,,,,,
35323,IRN,"Iran, Islamic Rep.",IMF.GFSCOFOG.GEAT_G14_GDP_PT,"Expenditure on transport, Percent of GDP",Local governments,-,-,-,,,,,,,,,,,,,,,,
35324,IRN,"Iran, Islamic Rep.",IMF.GFSCOFOG.GEAT_G14_GDP_PT,"Expenditure on transport, Percent of GDP",Social security funds,-,-,-,0,0,0,,,,,,,,,,,,,
34524,IRL,Ireland,IMF.GFSCOFOG.GEAT_G14_GDP_PT,"Expenditure on transport, Percent of GDP",Budgetary central government,-,-,-,,,,,,,,,,,,,,,,
34525,IRL,Ireland,IMF.GFSCOFOG.GEAT_G14_GDP_PT,"Expenditure on transport, Percent of GDP",Central government (excl. social security funds),-,-,-,1.7,2.71,2.17,4.33,1.78,1.21,1.46,1.24,0.95,1.07,0.93,0.99,0.92,0.99,0.9,
34526,IRL,Ireland,IMF.GFSCOFOG.GEAT_G14_GDP_PT,"Expenditure on transport, Percent of GDP",Central government (incl. social security funds),-,-,-,,,,,,,,,,,,,,,,
34527,IRL,Ireland,IMF.GFSCOFOG.GEAT_G14_GDP_PT,"Expenditure on transport, Percent of GDP",General government,-,-,-,2.21,3.01,2.45,4.55,2.22,1.68,1.67,1.53,1.04,1.23,1.07,1.12,1.04,1.08,0.98,
34528,IRL,Ireland,IMF.GFSCOFOG.GEAT_G14_GDP_PT,"Expenditure on transport, Percent of GDP",Local governments,-,-,-,1.47,1.46,1.3,1.13,1.1,0.91,0.61,0.51,0.39,0.42,0.39,0.46,0.44,0.48,0.39,
34529,IRL,Ireland,IMF.GFSCOFOG.GEAT_G14_GDP_PT,"Expenditure on transport, Percent of GDP",Social security funds,-,-,-,,,,,,,,,,,0,0,0,0,0,
37043,ISR,Israel,IMF.GFSCOFOG.GEAT_G14_GDP_PT,"Expenditure on transport, Percent of GDP",Budgetary central government,-,-,-,,,,,,,1.61,1.41,1.31,1.36,1.57,1.46,1.77,2.22,2.23,
37044,ISR,Israel,IMF.GFSCOFOG.GEAT_G14_GDP_PT,"Expenditure on transport, Percent of GDP",Central government (excl. social security funds),-,-,-,,,,,,,1.61,1.41,1.31,1.36,1.57,1.46,1.77,2.22,2.23,
37045,ISR,Israel,IMF.GFSCOFOG.GEAT_G14_GDP_PT,"Expenditure on transport, Percent of GDP",Central government (incl. social security funds),-,-,-,,,,,,,1.61,1.41,1.31,1.36,1.57,1.46,1.77,2.22,2.23,
37046,ISR,Israel,IMF.GFSCOFOG.GEAT_G14_GDP_PT,"Expenditure on transport, Percent of GDP",Extrabudgetary central government,-,-,-,,,,,,,0,0,0,0.03,0.02,0,0,0,0,
37047,ISR,Israel,IMF.GFSCOFOG.GEAT_G14_GDP_PT,"Expenditure on transport, Percent of GDP",General government,-,-,-,,,,,,,1.89,1.67,1.56,1.63,1.87,1.81,2.18,2.61,2.59,
37048,ISR,Israel,IMF.GFSCOFOG.GEAT_G14_GDP_PT,"Expenditure on transport, Percent of GDP",Local governments,-,-,-,,,,,,,0.35,0.31,0.3,0.31,0.36,0.41,0.42,0.48,0.45,
37049,ISR,Israel,IMF.GFSCOFOG.GEAT_G14_GDP_PT,"Expenditure on transport, Percent of GDP",Social security funds,-,-,-,0,0,0,0,0,0,0,0,0,0,0,0,0,0,0,
38150,ITA,Italy,IMF.GFSCOFOG.GEAT_G14_GDP_PT,"Expenditure on transport, Percent of GDP",Central government (excl. social security funds),-,-,-,1.18,0.93,1,0.89,0.9,0.9,1.14,1.1,1.12,1.05,1.1,1.12,1.13,1.26,1.58,
38151,ITA,Italy,IMF.GFSCOFOG.GEAT_G14_GDP_PT,"Expenditure on transport, Percent of GDP",General government,-,-,-,2.05,1.92,2.09,1.91,1.86,1.81,1.85,1.79,1.83,1.75,1.73,1.75,1.82,2.02,2.2,
38152,ITA,Italy,IMF.GFSCOFOG.GEAT_G14_GDP_PT,"Expenditure on transport, Percent of GDP",Local governments,-,-,-,1.03,1.07,1.21,1.13,1.06,1.07,1.11,1.07,1.07,1.05,0.96,0.96,1.04,1.18,1.16,
38153,ITA,Italy,IMF.GFSCOFOG.GEAT_G14_GDP_PT,"Expenditure on transport, Percent of GDP",Social security funds,-,-,-,0,0,0,0,0,0,0,0,0,0,0,0,0,0,0,
38808,JAM,Jamaica,IMF.GFSCOFOG.GEAT_G14_GDP_PT,"Expenditure on transport, Percent of GDP",Budgetary central government,-,-,-,2.39,1.34,0.93,3.53,1.71,1.43,1.07,1.11,0.69,,,,,,,
38809,JAM,Jamaica,IMF.GFSCOFOG.GEAT_G14_GDP_PT,"Expenditure on transport, Percent of GDP",Social security funds,-,-,-,,,,,,,,,,,,,,,,
39299,JPN,Japan,IMF.GFSCOFOG.GEAT_G14_GDP_PT,"Expenditure on transport, Percent of GDP",Central government (excl. social security funds),-,-,-,,,,,,,,,,,,,,,,
39300,JPN,Japan,IMF.GFSCOFOG.GEAT_G14_GDP_PT,"Expenditure on transport, Percent of GDP",Central government (incl. social security funds),-,-,-,,,,,,,,,,,,,,,,
39301,JPN,Japan,IMF.GFSCOFOG.GEAT_G14_GDP_PT,"Expenditure on transport, Percent of GDP",General government,-,-,-,1.29,1.84,1.46,1.29,1.36,1.36,1.51,1.44,1.33,1.37,1.4,1.41,1.41,1.63,1.57,
39302,JPN,Japan,IMF.GFSCOFOG.GEAT_G14_GDP_PT,"Expenditure on transport, Percent of GDP",Social security funds,-,-,-,,,,,,,,,,,,,,,,
39083,JOR,Jordan,IMF.GFSCOFOG.GEAT_G14_GDP_PT,"Expenditure on transport, Percent of GDP",Budgetary central government,-,-,-,1.37,1.27,,1.19,1.12,0.54,0.94,0.81,0.6,0.53,0.55,0.52,0.69,0.58,,
39784,KAZ,Kazakhstan,IMF.GFSCOFOG.GEAT_G14_GDP_PT,"Expenditure on transport, Percent of GDP",Budgetary central government,-,-,-,1.66,1.53,1.49,1.26,1.16,1.06,1,0.96,1.18,1.06,1.02,0.74,0.76,0.61,0.59,
39785,KAZ,Kazakhstan,IMF.GFSCOFOG.GEAT_G14_GDP_PT,"Expenditure on transport, Percent of GDP",Central government (excl. social security funds),-,-,-,,,,1.26,1.16,1.06,1,0.96,1.18,1.06,1.02,0.74,0.76,0.61,0.59,
39786,KAZ,Kazakhstan,IMF.GFSCOFOG.GEAT_G14_GDP_PT,"Expenditure on transport, Percent of GDP",Central government (incl. social security funds),-,-,-,,,,1.26,1.16,1.06,1,0.96,1.18,1.06,1.02,0.74,0.76,0.61,0.59,
39787,KAZ,Kazakhstan,IMF.GFSCOFOG.GEAT_G14_GDP_PT,"Expenditure on transport, Percent of GDP",Extrabudgetary central government,-,-,-,,,,,,,,,,0,0,0,0,0,0,
39788,KAZ,Kazakhstan,IMF.GFSCOFOG.GEAT_G14_GDP_PT,"Expenditure on transport, Percent of GDP",General government,-,-,-,,,,1.47,1.31,1.37,1.33,1.37,1.59,1.62,1.7,1.46,1.48,1.6,1.33,
39789,KAZ,Kazakhstan,IMF.GFSCOFOG.GEAT_G14_GDP_PT,"Expenditure on transport, Percent of GDP",Local governments,-,-,-,1.22,1.23,1.24,0.67,0.67,0.63,0.59,0.61,0.57,0.56,0.68,0.72,0.71,0.99,0.75,
39790,KAZ,Kazakhstan,IMF.GFSCOFOG.GEAT_G14_GDP_PT,"Expenditure on transport, Percent of GDP",Social security funds,-,-,-,,,,0,0,0,0,0,0,0,0,0,0,0,0,
40972,KEN,Kenya,IMF.GFSCOFOG.GEAT_G14_GDP_PT,"Expenditure on transport, Percent of GDP",Budgetary central government,-,-,-,1.26,1.52,1.76,1.58,1.83,1.9,2.18,,,,3.59,2.37,2.78,3.04,2.1,
40973,KEN,Kenya,IMF.GFSCOFOG.GEAT_G14_GDP_PT,"Expenditure on transport, Percent of GDP",Central government (excl. social security funds),-,-,-,,,,,,,,,,,,,,3.04,,
40974,KEN,Kenya,IMF.GFSCOFOG.GEAT_G14_GDP_PT,"Expenditure on transport, Percent of GDP",Central government (incl. social security funds),-,-,-,,,,,,,,,,,,,,3.04,,
40975,KEN,Kenya,IMF.GFSCOFOG.GEAT_G14_GDP_PT,"Expenditure on transport, Percent of GDP",Extrabudgetary central government,-,-,-,,,,,,,,,,,,,,0,,
40976,KEN,Kenya,IMF.GFSCOFOG.GEAT_G14_GDP_PT,"Expenditure on transport, Percent of GDP",General government,-,-,-,,,,,,,,,,,,,,3.41,,
40977,KEN,Kenya,IMF.GFSCOFOG.GEAT_G14_GDP_PT,"Expenditure on transport, Percent of GDP",Local governments,-,-,-,0.08,0.08,0.07,0.07,0.07,,,,,,0.45,,0.45,0.37,0.33,
40978,KEN,Kenya,IMF.GFSCOFOG.GEAT_G14_GDP_PT,"Expenditure on transport, Percent of GDP",Social security funds,-,-,-,,,,,,,,,,,,,,0,,
43828,KOR,"Korea, Rep.",IMF.GFSCOFOG.GEAT_G14_GDP_PT,"Expenditure on transport, Percent of GDP",Budgetary central government,-,-,-,,,,,,,,,,,,,,,,
43829,KOR,"Korea, Rep.",IMF.GFSCOFOG.GEAT_G14_GDP_PT,"Expenditure on transport, Percent of GDP",Central government (incl. social security funds),-,-,-,,,1.57,1.22,,,,,,,,,,,,
43830,KOR,"Korea, Rep.",IMF.GFSCOFOG.GEAT_G14_GDP_PT,"Expenditure on transport, Percent of GDP",Extrabudgetary central government,-,-,-,,,,,,,,,,,,,,,,
43831,KOR,"Korea, Rep.",IMF.GFSCOFOG.GEAT_G14_GDP_PT,"Expenditure on transport, Percent of GDP",General government,-,-,-,,,3.02,2.21,,,,,,,,,,,,
43832,KOR,"Korea, Rep.",IMF.GFSCOFOG.GEAT_G14_GDP_PT,"Expenditure on transport, Percent of GDP",Local governments,-,-,-,,,1.75,1.23,,,,,,,,,,,,
44299,KWT,Kuwait,IMF.GFSCOFOG.GEAT_G14_GDP_PT,"Expenditure on transport, Percent of GDP",Budgetary central government,-,-,-,0.14,0.21,0.25,0.2,0.25,0.25,0.25,0.27,0.34,,,,,,,
44300,KWT,Kuwait,IMF.GFSCOFOG.GEAT_G14_GDP_PT,"Expenditure on transport, Percent of GDP",Central government (excl. social security funds),-,-,-,,,,,,0.25,0.25,0.27,0.34,,,,,,,
44301,KWT,Kuwait,IMF.GFSCOFOG.GEAT_G14_GDP_PT,"Expenditure on transport, Percent of GDP",Central government (incl. social security funds),-,-,-,,,,,,,,,,,,,,,,
44302,KWT,Kuwait,IMF.GFSCOFOG.GEAT_G14_GDP_PT,"Expenditure on transport, Percent of GDP",Extrabudgetary central government,-,-,-,,,,,,0,0,0,0,,,,,,,
44303,KWT,Kuwait,IMF.GFSCOFOG.GEAT_G14_GDP_PT,"Expenditure on transport, Percent of GDP",General government,-,-,-,,,,,,,,,,,,,,,,
44304,KWT,Kuwait,IMF.GFSCOFOG.GEAT_G14_GDP_PT,"Expenditure on transport, Percent of GDP",Social security funds,-,-,-,,,,,,,,,,,,,,,,
42144,KGZ,Kyrgyz Republic,IMF.GFSCOFOG.GEAT_G14_GDP_PT,"Expenditure on transport, Percent of GDP",Budgetary central government,-,-,-,,,,,,,,2.96,2.51,2.63,3.17,1.33,0.38,0.18,0.28,
42145,KGZ,Kyrgyz Republic,IMF.GFSCOFOG.GEAT_G14_GDP_PT,"Expenditure on transport, Percent of GDP",Central government (excl. social security funds),-,-,-,,,,,,,,2.96,2.51,2.63,3.17,1.33,0.38,0.18,0.28,
42146,KGZ,Kyrgyz Republic,IMF.GFSCOFOG.GEAT_G14_GDP_PT,"Expenditure on transport, Percent of GDP",Central government (incl. social security funds),-,-,-,,,,,,,,2.96,2.51,2.63,3.17,1.33,0.38,0.18,0.28,
42147,KGZ,Kyrgyz Republic,IMF.GFSCOFOG.GEAT_G14_GDP_PT,"Expenditure on transport, Percent of GDP",Extrabudgetary central government,-,-,-,,,,,,,,,,,,,,0,0,
42148,KGZ,Kyrgyz Republic,IMF.GFSCOFOG.GEAT_G14_GDP_PT,"Expenditure on transport, Percent of GDP",General government,-,-,-,,,,,,,,3.06,2.59,2.73,3.27,1.43,0.51,0.26,0.36,
42149,KGZ,Kyrgyz Republic,IMF.GFSCOFOG.GEAT_G14_GDP_PT,"Expenditure on transport, Percent of GDP",Local governments,-,-,-,,,,,,,,0.1,0.08,0.1,0.1,0.1,0.13,0.08,0.08,
42150,KGZ,Kyrgyz Republic,IMF.GFSCOFOG.GEAT_G14_GDP_PT,"Expenditure on transport, Percent of GDP",Social security funds,-,-,-,,,,,,,,0,0,0,0,0,0,0,0,
46790,LVA,Latvia,IMF.GFSCOFOG.GEAT_G14_GDP_PT,"Expenditure on transport, Percent of GDP",Central government (excl. social security funds),-,-,-,2.39,2.6,2.46,2.22,2.87,2.13,2.16,2.41,2.34,2.15,1.91,2.24,1.92,3.19,2.16,
46791,LVA,Latvia,IMF.GFSCOFOG.GEAT_G14_GDP_PT,"Expenditure on transport, Percent of GDP",Central government (incl. social security funds),-,-,-,,,,,,,,,,,,,,,,
46792,LVA,Latvia,IMF.GFSCOFOG.GEAT_G14_GDP_PT,"Expenditure on transport, Percent of GDP",General government,-,-,-,3.45,4.07,4.54,4.22,4.53,3.76,3.6,3.7,3.29,3.24,3.24,3.47,3.14,4.54,3.68,
46793,LVA,Latvia,IMF.GFSCOFOG.GEAT_G14_GDP_PT,"Expenditure on transport, Percent of GDP",Local governments,-,-,-,1.38,2.08,2.55,2.37,2.04,1.9,1.76,1.59,1.22,1.33,1.56,1.74,1.53,1.69,1.81,
44679,LBN,Lebanon,IMF.GFSCOFOG.GEAT_G14_GDP_PT,"Expenditure on transport, Percent of GDP",Budgetary central government,-,-,-,0.48,0.27,0.33,,,,,,0.26,0.34,0.32,0.39,0.49,0.18,,
44680,LBN,Lebanon,IMF.GFSCOFOG.GEAT_G14_GDP_PT,"Expenditure on transport, Percent of GDP",Central government (excl. social security funds),-,-,-,,,,,,,,,,,,,,,,
44681,LBN,Lebanon,IMF.GFSCOFOG.GEAT_G14_GDP_PT,"Expenditure on transport, Percent of GDP",Central government (incl. social security funds),-,-,-,,,,,,,,,,,,,,,,
44930,LBR,Liberia,IMF.GFSCOFOG.GEAT_G14_GDP_PT,"Expenditure on transport, Percent of GDP",Budgetary central government,-,-,-,0.4,0.21,,,,,,,,,,,,,,
44931,LBR,Liberia,IMF.GFSCOFOG.GEAT_G14_GDP_PT,"Expenditure on transport, Percent of GDP",Central government (excl. social security funds),-,-,-,0.4,0.21,,,,,,,,,,,,,,
45303,LTU,Lithuania,IMF.GFSCOFOG.GEAT_G14_GDP_PT,"Expenditure on transport, Percent of GDP",Central government (excl. social security funds),-,-,-,1.3,1.85,1.76,1.53,1.25,0.99,1.05,0.98,1.07,1.13,1.05,0.97,0.97,1.08,1.04,
45304,LTU,Lithuania,IMF.GFSCOFOG.GEAT_G14_GDP_PT,"Expenditure on transport, Percent of GDP",General government,-,-,-,1.83,2.4,1.98,1.97,1.52,1.34,1.37,1.22,1.46,1.76,1.57,1.55,1.65,2.12,1.66,
45305,LTU,Lithuania,IMF.GFSCOFOG.GEAT_G14_GDP_PT,"Expenditure on transport, Percent of GDP",Local governments,-,-,-,0.53,0.54,0.22,0.44,0.27,0.35,0.32,0.24,0.39,0.63,0.53,0.58,0.68,1.04,0.62,
46006,LUX,Luxembourg,IMF.GFSCOFOG.GEAT_G14_GDP_PT,"Expenditure on transport, Percent of GDP",Budgetary central government,-,-,-,,,,,,,,,,,,,,,,
46007,LUX,Luxembourg,IMF.GFSCOFOG.GEAT_G14_GDP_PT,"Expenditure on transport, Percent of GDP",Central government (excl. social security funds),-,-,-,3.08,2.83,3.15,3.11,2.89,2.76,2.61,2.8,2.96,3.08,3.16,2.81,2.71,2.92,2.74,
46008,LUX,Luxembourg,IMF.GFSCOFOG.GEAT_G14_GDP_PT,"Expenditure on transport, Percent of GDP",Central government (incl. social security funds),-,-,-,,,,,,,,,,,,,,,,
46009,LUX,Luxembourg,IMF.GFSCOFOG.GEAT_G14_GDP_PT,"Expenditure on transport, Percent of GDP",Extrabudgetary central government,-,-,-,,,,,,,,,,,,,,,,
46010,LUX,Luxembourg,IMF.GFSCOFOG.GEAT_G14_GDP_PT,"Expenditure on transport, Percent of GDP",General government,-,-,-,3.55,3.32,3.7,3.62,3.43,3.25,3.07,3.25,3.39,3.51,3.64,3.27,3.2,3.41,3.23,
46011,LUX,Luxembourg,IMF.GFSCOFOG.GEAT_G14_GDP_PT,"Expenditure on transport, Percent of GDP",Local governments,-,-,-,0.5,0.51,0.58,0.55,0.56,0.51,0.48,0.49,0.47,0.5,0.57,0.52,0.52,0.59,0.57,
46012,LUX,Luxembourg,IMF.GFSCOFOG.GEAT_G14_GDP_PT,"Expenditure on transport, Percent of GDP",Social security funds,-,-,-,0,0,0,0,0,0,0,0,0,0,0,0,0,0,0,
49442,MDG,Madagascar,IMF.GFSCOFOG.GEAT_G14_GDP_PT,"Expenditure on transport, Percent of GDP",Budgetary central government,-,-,-,0.33,1.13,0.07,0.41,0.43,0.27,0.45,0.38,0.32,0.16,0.16,0.1,0.13,0.1,0.22,
49443,MDG,Madagascar,IMF.GFSCOFOG.GEAT_G14_GDP_PT,"Expenditure on transport, Percent of GDP",Central government (excl. social security funds),-,-,-,,,,,,,,,,,,,,,,
49444,MDG,Madagascar,IMF.GFSCOFOG.GEAT_G14_GDP_PT,"Expenditure on transport, Percent of GDP",Central government (incl. social security funds),-,-,-,,,,,,,,,,,,,,,,
49445,MDG,Madagascar,IMF.GFSCOFOG.GEAT_G14_GDP_PT,"Expenditure on transport, Percent of GDP",Extrabudgetary central government,-,-,-,,,,,,,,,,,,,,,,
55287,MYS,Malaysia,IMF.GFSCOFOG.GEAT_G14_GDP_PT,"Expenditure on transport, Percent of GDP",Budgetary central government,-,-,-,1.93,1.76,1.87,1.56,1.81,1.46,1.27,1.13,1.04,1.12,1.21,1.41,1.28,1.35,1.24,
55288,MYS,Malaysia,IMF.GFSCOFOG.GEAT_G14_GDP_PT,"Expenditure on transport, Percent of GDP",Central government (incl. social security funds),-,-,-,,,,,,,,,,,,,,,,
55289,MYS,Malaysia,IMF.GFSCOFOG.GEAT_G14_GDP_PT,"Expenditure on transport, Percent of GDP",Social security funds,-,-,-,,,,,,,,,,,,,,,,
50706,MLT,Malta,IMF.GFSCOFOG.GEAT_G14_GDP_PT,"Expenditure on transport, Percent of GDP",Budgetary central government,-,-,-,,,,,,,,,,,,,,,,
50707,MLT,Malta,IMF.GFSCOFOG.GEAT_G14_GDP_PT,"Expenditure on transport, Percent of GDP",Central government (excl. social security funds),-,-,-,1.21,2.49,1.2,1.17,2.19,1.7,1.07,1.58,1.74,1.37,1.23,2.12,1.92,2.77,2.29,
50708,MLT,Malta,IMF.GFSCOFOG.GEAT_G14_GDP_PT,"Expenditure on transport, Percent of GDP",Central government (incl. social security funds),-,-,-,,,,,,,,,,,,,,,,
50709,MLT,Malta,IMF.GFSCOFOG.GEAT_G14_GDP_PT,"Expenditure on transport, Percent of GDP",Extrabudgetary central government,-,-,-,,,,,,,,,,,,,,,,
50710,MLT,Malta,IMF.GFSCOFOG.GEAT_G14_GDP_PT,"Expenditure on transport, Percent of GDP",General government,-,-,-,1.3,2.57,1.25,1.23,2.28,1.79,1.18,1.66,1.79,1.44,1.27,2.15,1.95,2.8,2.32,
50711,MLT,Malta,IMF.GFSCOFOG.GEAT_G14_GDP_PT,"Expenditure on transport, Percent of GDP",Local governments,-,-,-,0.09,0.07,0.06,0.06,0.09,0.08,0.11,0.08,0.06,0.06,0.03,0.03,0.03,0.03,0.03,
54027,MUS,Mauritius,IMF.GFSCOFOG.GEAT_G14_GDP_PT,"Expenditure on transport, Percent of GDP",Budgetary central government,-,-,-,0.62,0.49,1.12,1.39,2.64,1.58,1.5,0.8,,,,1.02,0.98,1.05,1.06,
54028,MUS,Mauritius,IMF.GFSCOFOG.GEAT_G14_GDP_PT,"Expenditure on transport, Percent of GDP",Central government (excl. social security funds),-,-,-,0.56,0.51,0.81,1.42,3.07,1.68,1.72,1.09,,,,1.54,1.45,1.57,1.79,
54029,MUS,Mauritius,IMF.GFSCOFOG.GEAT_G14_GDP_PT,"Expenditure on transport, Percent of GDP",Central government (incl. social security funds),-,-,-,0.56,0.51,0.81,1.42,3.07,1.68,1.72,1.09,,,,1.54,1.45,1.57,1.79,
54030,MUS,Mauritius,IMF.GFSCOFOG.GEAT_G14_GDP_PT,"Expenditure on transport, Percent of GDP",Extrabudgetary central government,-,-,-,0.14,0.13,0.06,0.05,0.59,0.61,0.7,0.32,,,,0.55,0.5,0.55,0.77,
54031,MUS,Mauritius,IMF.GFSCOFOG.GEAT_G14_GDP_PT,"Expenditure on transport, Percent of GDP",General government,-,-,-,0.68,0.62,0.93,1.53,3.16,1.81,1.86,1.16,,,,1.62,1.51,1.66,1.85,
54032,MUS,Mauritius,IMF.GFSCOFOG.GEAT_G14_GDP_PT,"Expenditure on transport, Percent of GDP",Local governments,-,-,-,0.08,0.06,0.06,0.07,0.06,0.07,0.08,0.01,,,,0.03,0.01,0.02,0.02,
54033,MUS,Mauritius,IMF.GFSCOFOG.GEAT_G14_GDP_PT,"Expenditure on transport, Percent of GDP",Social security funds,-,-,-,0,0,0,0,0,0,0,0,0,0,0,0,0,0,0,
54034,MUS,Mauritius,IMF.GFSCOFOG.GEAT_G14_GDP_PT,"Expenditure on transport, Percent of GDP",State governments,-,-,-,0.04,0.06,0.05,0.04,0.03,0.06,0.06,0.05,,,,0.04,0.05,0.06,0.04,
50239,MEX,Mexico,IMF.GFSCOFOG.GEAT_G14_GDP_PT,"Expenditure on transport, Percent of GDP",Budgetary central government,-,-,-,,,,,,,,,,,,,,,,
50240,MEX,Mexico,IMF.GFSCOFOG.GEAT_G14_GDP_PT,"Expenditure on transport, Percent of GDP",Central government (excl. social security funds),-,-,-,,,,,,,,,,,,,,,,
50241,MEX,Mexico,IMF.GFSCOFOG.GEAT_G14_GDP_PT,"Expenditure on transport, Percent of GDP",Central government (incl. social security funds),-,-,-,,,,,,,,,,,,,,,,
50242,MEX,Mexico,IMF.GFSCOFOG.GEAT_G14_GDP_PT,"Expenditure on transport, Percent of GDP",Social security funds,-,-,-,,,,,,,,,,,,,,,,
48357,MDA,Moldova,IMF.GFSCOFOG.GEAT_G14_GDP_PT,"Expenditure on transport, Percent of GDP",Budgetary central government,-,-,-,1.59,1.4,0.78,0.98,1.08,1.6,1.87,2.15,1.18,1.07,1.3,1.81,1.89,2.56,1.66,
48358,MDA,Moldova,IMF.GFSCOFOG.GEAT_G14_GDP_PT,"Expenditure on transport, Percent of GDP",Central government (excl. social security funds),-,-,-,1.59,1.4,0.78,0.98,1.08,1.6,1.87,2.15,1.18,1.07,1.3,1.81,1.89,2.56,1.66,
48359,MDA,Moldova,IMF.GFSCOFOG.GEAT_G14_GDP_PT,"Expenditure on transport, Percent of GDP",Central government (incl. social security funds),-,-,-,1.59,1.4,0.78,0.98,1.08,1.6,1.87,2.15,1.18,1.07,1.3,1.81,1.89,2.56,1.66,
48360,MDA,Moldova,IMF.GFSCOFOG.GEAT_G14_GDP_PT,"Expenditure on transport, Percent of GDP",Extrabudgetary central government,-,-,-,,,,,,,,,,,,,,,,
48361,MDA,Moldova,IMF.GFSCOFOG.GEAT_G14_GDP_PT,"Expenditure on transport, Percent of GDP",General government,-,-,-,1.99,1.82,1.13,1.28,1.49,1.99,2.24,2.6,1.67,1.6,1.69,2.19,2.33,3.06,2.33,
48362,MDA,Moldova,IMF.GFSCOFOG.GEAT_G14_GDP_PT,"Expenditure on transport, Percent of GDP",Local governments,-,-,-,0.41,0.42,0.36,0.3,0.41,0.39,0.37,0.72,0.58,0.54,0.79,0.76,0.8,0.99,1.06,
48363,MDA,Moldova,IMF.GFSCOFOG.GEAT_G14_GDP_PT,"Expenditure on transport, Percent of GDP",Social security funds,-,-,-,0,0,0,0,0,0,0,0,0,0,0,0,0,0,0,
52650,MNG,Mongolia,IMF.GFSCOFOG.GEAT_G14_GDP_PT,"Expenditure on transport, Percent of GDP",Budgetary central government,-,-,-,,,,,,,,,,2.01,0.49,0.13,0.62,0.68,0.61,
52651,MNG,Mongolia,IMF.GFSCOFOG.GEAT_G14_GDP_PT,"Expenditure on transport, Percent of GDP",Central government (excl. social security funds),-,-,-,,,,,,,,,,2.01,0.49,0.13,0.62,0.68,0.61,
52652,MNG,Mongolia,IMF.GFSCOFOG.GEAT_G14_GDP_PT,"Expenditure on transport, Percent of GDP",Central government (incl. social security funds),-,-,-,,,,,,,,,,,0.49,0.13,0.62,0.68,0.61,
52653,MNG,Mongolia,IMF.GFSCOFOG.GEAT_G14_GDP_PT,"Expenditure on transport, Percent of GDP",Extrabudgetary central government,-,-,-,,,,0,0,0,0,,,0,,,,,,
52654,MNG,Mongolia,IMF.GFSCOFOG.GEAT_G14_GDP_PT,"Expenditure on transport, Percent of GDP",General government,-,-,-,,,,,,,,,,2.01,0.49,0.14,0.89,1.15,1.03,
52655,MNG,Mongolia,IMF.GFSCOFOG.GEAT_G14_GDP_PT,"Expenditure on transport, Percent of GDP",Local governments,-,-,-,,,,,,0,,,,,,0.02,0.27,0.48,0.41,
52656,MNG,Mongolia,IMF.GFSCOFOG.GEAT_G14_GDP_PT,"Expenditure on transport, Percent of GDP",Social security funds,-,-,-,0,,,0,0,0,0,0,0,0,0,0,0,0,0,
47918,MAR,Morocco,IMF.GFSCOFOG.GEAT_G14_GDP_PT,"Expenditure on transport, Percent of GDP",Budgetary central government,-,-,-,,,,,,,,,,,,,,,,
47919,MAR,Morocco,IMF.GFSCOFOG.GEAT_G14_GDP_PT,"Expenditure on transport, Percent of GDP",Central government (incl. social security funds),-,-,-,,,,,,,,,,,,,,,,
47920,MAR,Morocco,IMF.GFSCOFOG.GEAT_G14_GDP_PT,"Expenditure on transport, Percent of GDP",Extrabudgetary central government,-,-,-,,,,,,,,,,,,,,,,
47921,MAR,Morocco,IMF.GFSCOFOG.GEAT_G14_GDP_PT,"Expenditure on transport, Percent of GDP",Social security funds,-,-,-,,,,,,,,,,,,,,,,
53738,MOZ,Mozambique,IMF.GFSCOFOG.GEAT_G14_GDP_PT,"Expenditure on transport, Percent of GDP",Budgetary central government,-,-,-,,,,,,,,,,1.52,1.43,3.33,1.43,0.6,1.74,
51460,MMR,Myanmar,IMF.GFSCOFOG.GEAT_G14_GDP_PT,"Expenditure on transport, Percent of GDP",Budgetary central government,-,-,-,,,,,,0.11,0.11,0.1,0.08,0.09,0.11,0.02,0.09,,,
51461,MMR,Myanmar,IMF.GFSCOFOG.GEAT_G14_GDP_PT,"Expenditure on transport, Percent of GDP",Central government (excl. social security funds),-,-,-,,,,,,0.54,0.65,0.61,0.67,0.53,1.03,0.28,0.83,,,
51462,MMR,Myanmar,IMF.GFSCOFOG.GEAT_G14_GDP_PT,"Expenditure on transport, Percent of GDP",Central government (incl. social security funds),-,-,-,,,,,,0.54,0.65,0.61,0.67,0.53,1.03,0.28,0.83,,,
51463,MMR,Myanmar,IMF.GFSCOFOG.GEAT_G14_GDP_PT,"Expenditure on transport, Percent of GDP",Extrabudgetary central government,-,-,-,,,,,,0.47,0.56,0.55,0.62,0.79,1.03,0.27,0.79,,,
51464,MMR,Myanmar,IMF.GFSCOFOG.GEAT_G14_GDP_PT,"Expenditure on transport, Percent of GDP",General government,-,-,-,,,,,,0.54,0.65,0.61,0.67,0.53,1.03,0.28,0.83,,,
51465,MMR,Myanmar,IMF.GFSCOFOG.GEAT_G14_GDP_PT,"Expenditure on transport, Percent of GDP",Local governments,-,-,-,,,,,,0,0,0,0,0,0,0,0,,,
51466,MMR,Myanmar,IMF.GFSCOFOG.GEAT_G14_GDP_PT,"Expenditure on transport, Percent of GDP",Social security funds,-,-,-,,,,,,,,,,0,,0,0,,,
55506,NAM,Namibia,IMF.GFSCOFOG.GEAT_G14_GDP_PT,"Expenditure on transport, Percent of GDP",Budgetary central government,-,-,-,0.79,1.33,1.64,1.42,2.65,2.22,2.98,3.19,3.13,2.17,1.63,1.55,0.17,0.34,1.23,
57570,NPL,Nepal,IMF.GFSCOFOG.GEAT_G14_GDP_PT,"Expenditure on transport, Percent of GDP",Budgetary central government,-,-,-,0.84,0.84,0.94,1.55,1.73,1.6,1.42,1.49,1.8,1.99,2.93,3.26,2.6,2.18,2.41,
57571,NPL,Nepal,IMF.GFSCOFOG.GEAT_G14_GDP_PT,"Expenditure on transport, Percent of GDP",Central government (excl. social security funds),-,-,-,,,,,,,,,,,,,2.6,2.18,2.41,
57572,NPL,Nepal,IMF.GFSCOFOG.GEAT_G14_GDP_PT,"Expenditure on transport, Percent of GDP",Central government (incl. social security funds),-,-,-,,,,,,,,,,,,,2.6,2.18,2.41,
57573,NPL,Nepal,IMF.GFSCOFOG.GEAT_G14_GDP_PT,"Expenditure on transport, Percent of GDP",General government,-,-,-,,,,,,,,,,,,,,4.28,4.84,
57574,NPL,Nepal,IMF.GFSCOFOG.GEAT_G14_GDP_PT,"Expenditure on transport, Percent of GDP",Local governments,-,-,-,,,,,,,,,,,,,,1.33,1.5,
57575,NPL,Nepal,IMF.GFSCOFOG.GEAT_G14_GDP_PT,"Expenditure on transport, Percent of GDP",State governments,-,-,-,,,,,,,,,,,,,,0.76,0.93,
55987,NLD,Netherlands,IMF.GFSCOFOG.GEAT_G14_GDP_PT,"Expenditure on transport, Percent of GDP",Budgetary central government,-,-,-,,,,,,,,,,,,,,,,
55988,NLD,Netherlands,IMF.GFSCOFOG.GEAT_G14_GDP_PT,"Expenditure on transport, Percent of GDP",Central government (excl. social security funds),-,-,-,1.45,1.42,1.64,1.61,1.62,1.64,1.6,1.47,1.44,1.37,1.25,1.16,1.17,1.45,1.43,
55989,NLD,Netherlands,IMF.GFSCOFOG.GEAT_G14_GDP_PT,"Expenditure on transport, Percent of GDP",Central government (incl. social security funds),-,-,-,,,,,,,,,,,,,,,,
55990,NLD,Netherlands,IMF.GFSCOFOG.GEAT_G14_GDP_PT,"Expenditure on transport, Percent of GDP",Extrabudgetary central government,-,-,-,,,,,,,,,,,,,,,,
55991,NLD,Netherlands,IMF.GFSCOFOG.GEAT_G14_GDP_PT,"Expenditure on transport, Percent of GDP",General government,-,-,-,2.37,2.45,2.69,2.75,2.64,2.53,2.48,2.42,2.27,2.15,2.13,2.08,2.09,2.36,2.32,
55992,NLD,Netherlands,IMF.GFSCOFOG.GEAT_G14_GDP_PT,"Expenditure on transport, Percent of GDP",Local governments,-,-,-,1.36,1.4,1.62,1.63,1.5,1.41,1.42,1.42,1.29,1.17,1.11,1.11,1.1,1.13,1.05,
55993,NLD,Netherlands,IMF.GFSCOFOG.GEAT_G14_GDP_PT,"Expenditure on transport, Percent of GDP",Social security funds,-,-,-,0.01,0.01,0.01,0.01,0.01,0.01,0.01,0.01,0.01,0.01,0.01,0.01,0.01,0.01,0.01,
59239,NZL,New Zealand,IMF.GFSCOFOG.GEAT_G14_GDP_PT,"Expenditure on transport, Percent of GDP",Budgetary central government,-,-,-,,,,,,,,,,,,,,,,
59240,NZL,New Zealand,IMF.GFSCOFOG.GEAT_G14_GDP_PT,"Expenditure on transport, Percent of GDP",Central government (excl. social security funds),-,-,-,,,,,,,,,,,,,,,,
59241,NZL,New Zealand,IMF.GFSCOFOG.GEAT_G14_GDP_PT,"Expenditure on transport, Percent of GDP",Central government (incl. social security funds),-,-,-,1.32,,,,,,,,,,,,,,,
59242,NZL,New Zealand,IMF.GFSCOFOG.GEAT_G14_GDP_PT,"Expenditure on transport, Percent of GDP",Extrabudgetary central government,-,-,-,,,,,,,,,,,,,,,,
59243,NZL,New Zealand,IMF.GFSCOFOG.GEAT_G14_GDP_PT,"Expenditure on transport, Percent of GDP",Local governments,-,-,-,1.12,,,,,,,,,,,,,,,
59244,NZL,New Zealand,IMF.GFSCOFOG.GEAT_G14_GDP_PT,"Expenditure on transport, Percent of GDP",Social security funds,-,-,-,,,,,,,,,,,,,,,,
55809,NIC,Nicaragua,IMF.GFSCOFOG.GEAT_G14_GDP_PT,"Expenditure on transport, Percent of GDP",Budgetary central government,-,-,-,,,,,,,,,,,,,,,,
55810,NIC,Nicaragua,IMF.GFSCOFOG.GEAT_G14_GDP_PT,"Expenditure on transport, Percent of GDP",Social security funds,-,-,-,,,,,,,,,,,,,,,,
55752,NGA,Nigeria,IMF.GFSCOFOG.GEAT_G14_GDP_PT,"Expenditure on transport, Percent of GDP",Budgetary central government,-,-,-,0,0,0,0,0,0,0,,,,,,,,,
56855,NOR,Norway,IMF.GFSCOFOG.GEAT_G14_GDP_PT,"Expenditure on transport, Percent of GDP",Budgetary central government,-,-,-,,,,,,,,,,,,,,,,
56856,NOR,Norway,IMF.GFSCOFOG.GEAT_G14_GDP_PT,"Expenditure on transport, Percent of GDP",Central government (excl. social security funds),-,-,-,1.42,1.43,1.83,1.51,1.49,1.62,1.82,2.04,2.18,2.28,2.24,2.22,2.37,2.74,2.21,
56857,NOR,Norway,IMF.GFSCOFOG.GEAT_G14_GDP_PT,"Expenditure on transport, Percent of GDP",Central government (incl. social security funds),-,-,-,,,,,,,,,,,,,,,,
56858,NOR,Norway,IMF.GFSCOFOG.GEAT_G14_GDP_PT,"Expenditure on transport, Percent of GDP",Extrabudgetary central government,-,-,-,,,,,,,,,,,,,,,,
56859,NOR,Norway,IMF.GFSCOFOG.GEAT_G14_GDP_PT,"Expenditure on transport, Percent of GDP",General government,-,-,-,2.08,2.2,2.72,2.7,2.7,2.75,3.06,3.3,3.56,3.76,3.69,3.69,3.98,4.49,3.74,
56860,NOR,Norway,IMF.GFSCOFOG.GEAT_G14_GDP_PT,"Expenditure on transport, Percent of GDP",Local governments,-,-,-,0.7,0.81,0.96,1.3,1.33,1.3,1.4,1.44,1.55,1.58,1.57,1.61,1.81,1.92,1.7,
59769,OMN,Oman,IMF.GFSCOFOG.GEAT_G14_GDP_PT,"Expenditure on transport, Percent of GDP",Budgetary central government,-,-,-,1.84,1.71,3.21,2.8,3.24,2.47,2.79,,,,,,,,,
59850,PAK,Pakistan,IMF.GFSCOFOG.GEAT_G14_GDP_PT,"Expenditure on transport, Percent of GDP",Budgetary central government,-,-,-,0.14,0.18,0.09,0.15,0.08,0.08,0.06,0.07,0.06,,,,,,,
59851,PAK,Pakistan,IMF.GFSCOFOG.GEAT_G14_GDP_PT,"Expenditure on transport, Percent of GDP",Central government (excl. social security funds),-,-,-,,,,,,,,,,,,,,,,
60034,PAN,Panama,IMF.GFSCOFOG.GEAT_G14_GDP_PT,"Expenditure on transport, Percent of GDP",Budgetary central government,-,-,-,,,,,,,,2.24,1.74,1.66,1.34,1.77,2.1,0.52,,
60035,PAN,Panama,IMF.GFSCOFOG.GEAT_G14_GDP_PT,"Expenditure on transport, Percent of GDP",Local governments,-,-,-,,,,,,,,0,0,0,0,0,0,0,,
62341,PRY,Paraguay,IMF.GFSCOFOG.GEAT_G14_GDP_PT,"Expenditure on transport, Percent of GDP",Budgetary central government,-,-,-,,,,,,,,,,,,,,,,
62342,PRY,Paraguay,IMF.GFSCOFOG.GEAT_G14_GDP_PT,"Expenditure on transport, Percent of GDP",Local governments,-,-,-,,,,,,,,,,,,,,,,
60393,PHL,Philippines,IMF.GFSCOFOG.GEAT_G14_GDP_PT,"Expenditure on transport, Percent of GDP",Budgetary central government,-,-,-,1.75,1.5,1.85,1.61,1.38,1.43,1.69,1.97,2.09,2.17,2.47,2.82,1.9,2.75,2.7,
60977,POL,Poland,IMF.GFSCOFOG.GEAT_G14_GDP_PT,"Expenditure on transport, Percent of GDP",Budgetary central government,-,-,-,,,,,,,,,,,,,,,,
60978,POL,Poland,IMF.GFSCOFOG.GEAT_G14_GDP_PT,"Expenditure on transport, Percent of GDP",Central government (excl. social security funds),-,-,-,1.3,1.43,1.78,1.99,2.15,1.75,1.16,1.57,1.76,1.71,1.63,1.69,1.71,2.08,2.18,
60979,POL,Poland,IMF.GFSCOFOG.GEAT_G14_GDP_PT,"Expenditure on transport, Percent of GDP",Central government (incl. social security funds),-,-,-,,,,,,,,,,,,,,,,
60980,POL,Poland,IMF.GFSCOFOG.GEAT_G14_GDP_PT,"Expenditure on transport, Percent of GDP",Extrabudgetary central government,-,-,-,,,,,,,,,,,,,,,,
60981,POL,Poland,IMF.GFSCOFOG.GEAT_G14_GDP_PT,"Expenditure on transport, Percent of GDP",General government,-,-,-,2.94,3.36,3.89,4.41,4.36,3.58,3.04,3.57,3.36,2.86,3.08,3.56,3.36,3.65,3.64,
60982,POL,Poland,IMF.GFSCOFOG.GEAT_G14_GDP_PT,"Expenditure on transport, Percent of GDP",Local governments,-,-,-,1.72,2,2.14,2.55,2.33,1.9,1.89,2.08,1.83,1.33,1.53,2,1.86,1.79,1.7,
60983,POL,Poland,IMF.GFSCOFOG.GEAT_G14_GDP_PT,"Expenditure on transport, Percent of GDP",Social security funds,-,-,-,0,0,0,0,0,0,0,0,0,0,0,0,0,0,0,
61767,PRT,Portugal,IMF.GFSCOFOG.GEAT_G14_GDP_PT,"Expenditure on transport, Percent of GDP",Central government (excl. social security funds),-,-,-,1.68,1.76,1.82,2.11,1.6,1.39,1.09,1.9,1.31,1.38,1.29,1.22,1.29,1.93,1.6,
61768,PRT,Portugal,IMF.GFSCOFOG.GEAT_G14_GDP_PT,"Expenditure on transport, Percent of GDP",General government,-,-,-,2.35,2.53,2.66,3.3,2.4,1.84,1.71,2.44,1.87,1.86,1.84,1.75,1.78,2.62,2.37,
61769,PRT,Portugal,IMF.GFSCOFOG.GEAT_G14_GDP_PT,"Expenditure on transport, Percent of GDP",Local governments,-,-,-,0.67,0.77,0.84,1.19,0.8,0.45,0.63,0.54,0.56,0.47,0.55,0.53,0.49,0.7,0.77,
61770,PRT,Portugal,IMF.GFSCOFOG.GEAT_G14_GDP_PT,"Expenditure on transport, Percent of GDP",Social security funds,-,-,-,0,0,,,,,,,,,,,,0,0,
62856,QAT,Qatar,IMF.GFSCOFOG.GEAT_G14_GDP_PT,"Expenditure on transport, Percent of GDP",Budgetary central government,-,-,-,1.96,1.89,2.75,2.56,,,,,,,,,,,,
62994,ROU,Romania,IMF.GFSCOFOG.GEAT_G14_GDP_PT,"Expenditure on transport, Percent of GDP",Budgetary central government,-,-,-,,,,,,,,,,,,,,,,
62995,ROU,Romania,IMF.GFSCOFOG.GEAT_G14_GDP_PT,"Expenditure on transport, Percent of GDP",Central government (excl. social security funds),-,-,-,2.1,2.37,2.72,2.53,2.26,3.39,2.51,2.69,1.99,1.98,1.46,1.13,1.46,1.55,1.31,
62996,ROU,Romania,IMF.GFSCOFOG.GEAT_G14_GDP_PT,"Expenditure on transport, Percent of GDP",Central government (incl. social security funds),-,-,-,,,,,,,,,,,,,,,,
62997,ROU,Romania,IMF.GFSCOFOG.GEAT_G14_GDP_PT,"Expenditure on transport, Percent of GDP",Extrabudgetary central government,-,-,-,,,,,,,,,,,,,,,,
62998,ROU,Romania,IMF.GFSCOFOG.GEAT_G14_GDP_PT,"Expenditure on transport, Percent of GDP",General government,-,-,-,3.64,3.75,3.89,3.8,3.68,4.9,3.69,3.94,3.45,3.33,2.46,2.29,2.87,3.26,2.88,
62999,ROU,Romania,IMF.GFSCOFOG.GEAT_G14_GDP_PT,"Expenditure on transport, Percent of GDP",Local governments,-,-,-,1.55,1.55,1.27,1.33,1.52,1.53,1.34,1.39,1.65,1.36,1,1.21,1.45,1.7,1.62,
63000,ROU,Romania,IMF.GFSCOFOG.GEAT_G14_GDP_PT,"Expenditure on transport, Percent of GDP",Social security funds,-,-,-,0,0,0,0,0,0,0,0,0,0,0,0,0,0,0,
63914,RUS,Russian Federation,IMF.GFSCOFOG.GEAT_G14_GDP_PT,"Expenditure on transport, Percent of GDP",Budgetary central government,-,-,-,0.68,0.14,0.35,0.41,0.44,0.23,0.48,0.27,0.29,0.19,0.14,0.13,0.16,1.16,,
63915,RUS,Russian Federation,IMF.GFSCOFOG.GEAT_G14_GDP_PT,"Expenditure on transport, Percent of GDP",Central government (excl. social security funds),-,-,-,,0.14,,0.32,0.54,0.21,0.49,0.41,0.35,0.19,0.14,0.13,0.16,1.16,,
63916,RUS,Russian Federation,IMF.GFSCOFOG.GEAT_G14_GDP_PT,"Expenditure on transport, Percent of GDP",Central government (incl. social security funds),-,-,-,,0.14,0.35,0.32,0.54,0.21,0.49,0.41,0.35,0.19,0.14,0.13,0.16,1.16,,
63917,RUS,Russian Federation,IMF.GFSCOFOG.GEAT_G14_GDP_PT,"Expenditure on transport, Percent of GDP",Extrabudgetary central government,-,-,-,,0,,0.03,0.1,0.11,0.14,0.15,0.07,0.02,0.02,0.02,0.04,0.05,,
63918,RUS,Russian Federation,IMF.GFSCOFOG.GEAT_G14_GDP_PT,"Expenditure on transport, Percent of GDP",General government,-,-,-,,0.39,0.58,0.64,0.8,0.48,0.73,0.93,0.43,0.46,0.46,0.47,0.56,2.21,,
63919,RUS,Russian Federation,IMF.GFSCOFOG.GEAT_G14_GDP_PT,"Expenditure on transport, Percent of GDP",Local governments,-,-,-,,0.06,0.06,0.06,0.05,0.05,0.05,0.05,0.05,0.04,0.05,0.05,0.05,0.47,,
63920,RUS,Russian Federation,IMF.GFSCOFOG.GEAT_G14_GDP_PT,"Expenditure on transport, Percent of GDP",Social security funds,-,-,-,0,0,0,0,0,0,0,0,0,0,0,0,0,0,,
63921,RUS,Russian Federation,IMF.GFSCOFOG.GEAT_G14_GDP_PT,"Expenditure on transport, Percent of GDP",State governments,-,-,-,,0.18,0.16,0.27,0.24,0.25,0.21,0.51,0.1,0.28,0.31,0.32,0.41,1.51,,
65204,SEN,Senegal,IMF.GFSCOFOG.GEAT_G14_GDP_PT,"Expenditure on transport, Percent of GDP",Local governments,-,-,-,,,,,,,,,,,,,,,,
69963,SRB,Serbia,IMF.GFSCOFOG.GEAT_G14_GDP_PT,"Expenditure on transport, Percent of GDP",Budgetary central government,-,-,-,,0.7,0.46,0.6,0.61,1.28,,,,,,,,,,
69964,SRB,Serbia,IMF.GFSCOFOG.GEAT_G14_GDP_PT,"Expenditure on transport, Percent of GDP",Central government (excl. social security funds),-,-,-,,1.68,1.47,1.79,1.6,1.99,,,,,,,,,,
69965,SRB,Serbia,IMF.GFSCOFOG.GEAT_G14_GDP_PT,"Expenditure on transport, Percent of GDP",Central government (incl. social security funds),-,-,-,,1.68,1.47,1.79,1.6,1.99,,,,,,,,,,
69966,SRB,Serbia,IMF.GFSCOFOG.GEAT_G14_GDP_PT,"Expenditure on transport, Percent of GDP",Extrabudgetary central government,-,-,-,0.89,0.98,1.01,1.2,1,0.93,,,,,,,,,,
69967,SRB,Serbia,IMF.GFSCOFOG.GEAT_G14_GDP_PT,"Expenditure on transport, Percent of GDP",General government,-,-,-,,,,,2.55,2.98,,,,,,,,,,
69968,SRB,Serbia,IMF.GFSCOFOG.GEAT_G14_GDP_PT,"Expenditure on transport, Percent of GDP",Local governments,-,-,-,,,,,0.95,0.99,,,,,,,,,,
69969,SRB,Serbia,IMF.GFSCOFOG.GEAT_G14_GDP_PT,"Expenditure on transport, Percent of GDP",Social security funds,-,-,-,0,0,0,0,0,0,,,,,,,,,,
72847,SYC,Seychelles,IMF.GFSCOFOG.GEAT_G14_GDP_PT,"Expenditure on transport, Percent of GDP",Budgetary central government,-,-,-,0.65,0.48,,0.63,0.88,0.47,0.67,0.66,0.74,0.72,,0.88,,,,
72848,SYC,Seychelles,IMF.GFSCOFOG.GEAT_G14_GDP_PT,"Expenditure on transport, Percent of GDP",Central government (excl. social security funds),-,-,-,0.65,0.48,,0.63,0.88,0.47,0.67,0.66,0.74,0.72,,0.88,,,,
72849,SYC,Seychelles,IMF.GFSCOFOG.GEAT_G14_GDP_PT,"Expenditure on transport, Percent of GDP",Central government (incl. social security funds),-,-,-,0.65,0.48,,0.63,0.88,0.47,0.67,0.66,0.74,0.72,,0.88,,,,
72850,SYC,Seychelles,IMF.GFSCOFOG.GEAT_G14_GDP_PT,"Expenditure on transport, Percent of GDP",General government,-,-,-,0.65,0.48,,0.63,0.88,0.47,0.67,0.66,0.74,0.72,,0.88,,,,
72851,SYC,Seychelles,IMF.GFSCOFOG.GEAT_G14_GDP_PT,"Expenditure on transport, Percent of GDP",Social security funds,-,-,-,,,,,,,,,,,,,,,,
66320,SLE,Sierra Leone,IMF.GFSCOFOG.GEAT_G14_GDP_PT,"Expenditure on transport, Percent of GDP",Budgetary central government,-,-,-,,,,,,,,,,,,,,,,
65378,SGP,Singapore,IMF.GFSCOFOG.GEAT_G14_GDP_PT,"Expenditure on transport, Percent of GDP",Budgetary central government,-,-,-,0.79,1.52,1.73,1.57,1.36,1.65,1.61,1.57,3.36,2.37,1.81,3.25,2.17,1.8,2.05,
65379,SGP,Singapore,IMF.GFSCOFOG.GEAT_G14_GDP_PT,"Expenditure on transport, Percent of GDP",Central government (excl. social security funds),-,-,-,0.62,0.86,1.05,1.08,0.92,0.85,0.77,0.85,2.53,1.52,1.56,2.62,2,1.89,2.03,
65380,SGP,Singapore,IMF.GFSCOFOG.GEAT_G14_GDP_PT,"Expenditure on transport, Percent of GDP",Central government (incl. social security funds),-,-,-,0.62,0.86,1.05,1.08,0.92,0.85,0.77,0.85,2.53,1.52,1.56,2.62,2,1.89,2.03,
65381,SGP,Singapore,IMF.GFSCOFOG.GEAT_G14_GDP_PT,"Expenditure on transport, Percent of GDP",Extrabudgetary central government,-,-,-,0.29,0.34,0.34,0.32,0.3,0.31,0.3,0.33,0.36,0.62,0.79,0.83,0.83,0.93,0.86,
65382,SGP,Singapore,IMF.GFSCOFOG.GEAT_G14_GDP_PT,"Expenditure on transport, Percent of GDP",General government,-,-,-,0.62,0.86,1.05,1.08,0.92,0.85,0.77,0.85,2.53,1.52,1.56,2.62,2,1.89,2.03,
70490,SVK,Slovak Republic,IMF.GFSCOFOG.GEAT_G14_GDP_PT,"Expenditure on transport, Percent of GDP",Central government (excl. social security funds),-,-,-,2.51,2.95,3.25,2.85,2.95,2.68,2.47,3.96,5.14,3.7,3.4,3.64,3.6,3.97,4.04,
70491,SVK,Slovak Republic,IMF.GFSCOFOG.GEAT_G14_GDP_PT,"Expenditure on transport, Percent of GDP",General government,-,-,-,2.87,3.38,3.7,3.18,3.28,3.07,2.89,4.68,5.96,4.37,3.82,3.98,3.85,3.89,3.82,
70492,SVK,Slovak Republic,IMF.GFSCOFOG.GEAT_G14_GDP_PT,"Expenditure on transport, Percent of GDP",Local governments,-,-,-,0.71,0.72,0.81,0.84,0.87,0.75,0.71,1,1.29,0.89,1,1.04,0.98,1.05,1.05,
70493,SVK,Slovak Republic,IMF.GFSCOFOG.GEAT_G14_GDP_PT,"Expenditure on transport, Percent of GDP",Social security funds,-,-,-,0,0,0,0,0,0,0,0,0,0,0,0,0,0,0,
71200,SVN,Slovenia,IMF.GFSCOFOG.GEAT_G14_GDP_PT,"Expenditure on transport, Percent of GDP",Budgetary central government,-,-,-,,,,,,,,,,,,,,,,
71201,SVN,Slovenia,IMF.GFSCOFOG.GEAT_G14_GDP_PT,"Expenditure on transport, Percent of GDP",Central government (excl. social security funds),-,-,-,1.42,1.6,1.53,1.53,1.88,1.41,1.67,1.78,2.32,1.3,1.55,1.77,1.87,1.94,2.36,
71202,SVN,Slovenia,IMF.GFSCOFOG.GEAT_G14_GDP_PT,"Expenditure on transport, Percent of GDP",Central government (incl. social security funds),-,-,-,,,,,,,,,,,,,,,,
71203,SVN,Slovenia,IMF.GFSCOFOG.GEAT_G14_GDP_PT,"Expenditure on transport, Percent of GDP",Extrabudgetary central government,-,-,-,,,,,,,,,,,,,,,,
71204,SVN,Slovenia,IMF.GFSCOFOG.GEAT_G14_GDP_PT,"Expenditure on transport, Percent of GDP",General government,-,-,-,2.1,2.41,2.46,2.34,2.62,2.02,2.41,2.49,2.9,1.93,2.19,2.5,2.53,2.69,3.09,
71205,SVN,Slovenia,IMF.GFSCOFOG.GEAT_G14_GDP_PT,"Expenditure on transport, Percent of GDP",Local governments,-,-,-,0.7,0.81,0.93,0.81,0.74,0.62,0.76,0.74,0.6,0.63,0.65,0.74,0.7,0.78,0.75,
71206,SVN,Slovenia,IMF.GFSCOFOG.GEAT_G14_GDP_PT,"Expenditure on transport, Percent of GDP",Social security funds,-,-,-,0,0,0,0,0,0,0,0,0,0,0,0,0,0,0,
80890,ZAF,South Africa,IMF.GFSCOFOG.GEAT_G14_GDP_PT,"Expenditure on transport, Percent of GDP",Budgetary central government,-,-,-,0.74,0.99,1.31,1.27,1.28,1.16,1.13,1.2,1.22,0.43,1.29,1.24,1.25,1.41,1.32,
80891,ZAF,South Africa,IMF.GFSCOFOG.GEAT_G14_GDP_PT,"Expenditure on transport, Percent of GDP",Central government (excl. social security funds),-,-,-,,1.28,1.77,1.64,1.57,1.42,1.36,1.47,1.45,0.66,1.53,1.42,1.62,1.72,1.58,
80892,ZAF,South Africa,IMF.GFSCOFOG.GEAT_G14_GDP_PT,"Expenditure on transport, Percent of GDP",Central government (incl. social security funds),-,-,-,,1.28,1.77,1.64,1.57,1.42,1.36,1.47,1.45,0.66,1.53,1.42,1.62,1.72,1.58,
80893,ZAF,South Africa,IMF.GFSCOFOG.GEAT_G14_GDP_PT,"Expenditure on transport, Percent of GDP",Extrabudgetary central government,-,-,-,0.01,0.29,0.46,0.38,0.29,0.26,0.23,0.26,0.23,0.23,0.24,0.18,0.37,0.3,0.26,
80894,ZAF,South Africa,IMF.GFSCOFOG.GEAT_G14_GDP_PT,"Expenditure on transport, Percent of GDP",General government,-,-,-,,2.22,3.21,3.56,2.26,2.13,2,2.13,2.36,1.58,2.45,2.22,2.37,2.5,2.38,
80895,ZAF,South Africa,IMF.GFSCOFOG.GEAT_G14_GDP_PT,"Expenditure on transport, Percent of GDP",Local governments,-,-,-,0,0.01,0.01,0.01,0.01,0.01,0.02,0.01,0.01,0.01,0.01,0.01,0.01,0.01,0.01,
80896,ZAF,South Africa,IMF.GFSCOFOG.GEAT_G14_GDP_PT,"Expenditure on transport, Percent of GDP",Social security funds,-,-,-,0,0,0,0,0,0,0,0,0,0,0,0,0,0,0,
80897,ZAF,South Africa,IMF.GFSCOFOG.GEAT_G14_GDP_PT,"Expenditure on transport, Percent of GDP",State governments,-,-,-,0.79,0.94,1.43,1.9,0.67,0.7,0.63,0.65,0.91,0.91,0.91,0.79,0.74,0.78,0.79,
22160,ESP,Spain,IMF.GFSCOFOG.GEAT_G14_GDP_PT,"Expenditure on transport, Percent of GDP",Budgetary central government,-,-,-,0.92,0.95,0.95,0.86,0.81,0.47,0.32,0.3,0.29,0.25,0.22,0.4,0.22,0.44,0.58,
22161,ESP,Spain,IMF.GFSCOFOG.GEAT_G14_GDP_PT,"Expenditure on transport, Percent of GDP",Central government (excl. social security funds),-,-,-,0.92,0.95,0.95,0.86,0.81,0.58,0.54,0.52,0.54,0.42,0.41,0.57,0.41,0.65,0.77,
22162,ESP,Spain,IMF.GFSCOFOG.GEAT_G14_GDP_PT,"Expenditure on transport, Percent of GDP",Central government (incl. social security funds),-,-,-,,,,,,0.58,0.54,0.52,0.54,0.42,0.41,0.57,0.41,0.65,0.77,
22163,ESP,Spain,IMF.GFSCOFOG.GEAT_G14_GDP_PT,"Expenditure on transport, Percent of GDP",Extrabudgetary central government,-,-,-,,,,,,0.1,0.21,0.22,0.25,0.17,0.18,0.17,0.19,0.21,0.19,
22164,ESP,Spain,IMF.GFSCOFOG.GEAT_G14_GDP_PT,"Expenditure on transport, Percent of GDP",General government,-,-,-,2.33,2.39,2.54,2.66,2.35,1.71,1.61,1.61,1.71,1.42,1.39,1.6,1.47,1.86,2.02,
22165,ESP,Spain,IMF.GFSCOFOG.GEAT_G14_GDP_PT,"Expenditure on transport, Percent of GDP",Local governments,-,-,-,0.53,0.55,0.75,0.98,0.79,0.6,0.62,0.62,0.59,0.59,0.57,0.62,0.66,0.7,0.74,
22166,ESP,Spain,IMF.GFSCOFOG.GEAT_G14_GDP_PT,"Expenditure on transport, Percent of GDP",Social security funds,-,-,-,0,0,0,0,0,0,0,0,0,0,0,0,0,0,0,
22167,ESP,Spain,IMF.GFSCOFOG.GEAT_G14_GDP_PT,"Expenditure on transport, Percent of GDP",State governments,-,-,-,0.87,0.89,0.84,0.82,0.75,0.53,0.46,0.47,0.58,0.41,0.41,0.41,0.4,0.5,0.51,
45073,LKA,Sri Lanka,IMF.GFSCOFOG.GEAT_G14_GDP_PT,"Expenditure on transport, Percent of GDP",Budgetary central government,-,-,-,1.65,2.16,2.97,2.97,2.91,2.66,2.49,2.03,2.56,1.95,1.83,1.68,1.49,,1.75,
72086,SWE,Sweden,IMF.GFSCOFOG.GEAT_G14_GDP_PT,"Expenditure on transport, Percent of GDP",Budgetary central government,-,-,-,,,,,,,,,,,,,,,,
72087,SWE,Sweden,IMF.GFSCOFOG.GEAT_G14_GDP_PT,"Expenditure on transport, Percent of GDP",Central government (excl. social security funds),-,-,-,1.57,1.74,1.94,1.85,1.75,1.84,1.69,1.64,1.62,1.62,1.58,1.6,1.72,2.03,1.85,
72088,SWE,Sweden,IMF.GFSCOFOG.GEAT_G14_GDP_PT,"Expenditure on transport, Percent of GDP",Central government (incl. social security funds),-,-,-,,,,,,,,,,,,,,,,
72089,SWE,Sweden,IMF.GFSCOFOG.GEAT_G14_GDP_PT,"Expenditure on transport, Percent of GDP",General government,-,-,-,2.45,2.66,2.94,2.85,2.74,2.87,2.71,2.69,2.64,2.65,2.65,2.71,2.8,2.98,2.75,
72090,SWE,Sweden,IMF.GFSCOFOG.GEAT_G14_GDP_PT,"Expenditure on transport, Percent of GDP",Local governments,-,-,-,0.98,1.04,1.13,1.13,1.13,1.23,1.21,1.2,1.2,1.28,1.28,1.32,1.29,1.21,1.16,
72091,SWE,Sweden,IMF.GFSCOFOG.GEAT_G14_GDP_PT,"Expenditure on transport, Percent of GDP",Social security funds,-,-,-,,,,,,,,,,,,,,,,
13251,CHE,Switzerland,IMF.GFSCOFOG.GEAT_G14_GDP_PT,"Expenditure on transport, Percent of GDP",Central government (excl. social security funds),-,-,-,1.29,1.49,1.5,1.48,1.46,1.43,1.38,1.34,1.35,1.39,1.32,1.32,1.3,1.45,1.37,
13252,CHE,Switzerland,IMF.GFSCOFOG.GEAT_G14_GDP_PT,"Expenditure on transport, Percent of GDP",Central government (incl. social security funds),-,-,-,1.29,1.49,1.5,1.48,1.46,1.43,1.38,1.34,1.35,1.39,1.32,1.32,1.3,1.45,1.37,
13253,CHE,Switzerland,IMF.GFSCOFOG.GEAT_G14_GDP_PT,"Expenditure on transport, Percent of GDP",General government,-,-,-,2.39,2.66,2.78,2.73,2.69,2.64,2.6,2.52,2.53,2.51,2.45,2.38,2.4,2.62,2.53,
13254,CHE,Switzerland,IMF.GFSCOFOG.GEAT_G14_GDP_PT,"Expenditure on transport, Percent of GDP",Local governments,-,-,-,0.59,0.67,0.73,0.71,0.7,0.7,0.68,0.66,0.66,0.65,0.66,0.62,0.64,0.65,0.63,
13255,CHE,Switzerland,IMF.GFSCOFOG.GEAT_G14_GDP_PT,"Expenditure on transport, Percent of GDP",Social security funds,-,-,-,0,0,0,0,0,0,0,0,0,0,0,0,0,0,0,
13256,CHE,Switzerland,IMF.GFSCOFOG.GEAT_G14_GDP_PT,"Expenditure on transport, Percent of GDP",State governments,-,-,-,1.17,1.02,1.09,1.06,1.03,1,0.99,0.95,0.95,0.92,0.9,0.86,0.88,0.98,0.96,
74782,TJK,Tajikistan,IMF.GFSCOFOG.GEAT_G14_GDP_PT,"Expenditure on transport, Percent of GDP",Budgetary central government,-,-,-,,,,,,,,,,,,,,,,
74783,TJK,Tajikistan,IMF.GFSCOFOG.GEAT_G14_GDP_PT,"Expenditure on transport, Percent of GDP",Central government (excl. social security funds),-,-,-,,,,,,,,,,,,,,,,
74784,TJK,Tajikistan,IMF.GFSCOFOG.GEAT_G14_GDP_PT,"Expenditure on transport, Percent of GDP",Central government (incl. social security funds),-,-,-,,,,,,,,,,,,,,,,
74785,TJK,Tajikistan,IMF.GFSCOFOG.GEAT_G14_GDP_PT,"Expenditure on transport, Percent of GDP",Local governments,-,-,-,,,,,,,,,,,,,,,,
74786,TJK,Tajikistan,IMF.GFSCOFOG.GEAT_G14_GDP_PT,"Expenditure on transport, Percent of GDP",Social security funds,-,-,-,,,,,,,,,,,,,,,,
73674,THA,Thailand,IMF.GFSCOFOG.GEAT_G14_GDP_PT,"Expenditure on transport, Percent of GDP",Budgetary central government,-,-,-,0.58,0.66,0.83,0.96,0.31,0.82,0.99,0.9,1.22,1.44,1.27,1.15,1.15,1.32,1.42,
73675,THA,Thailand,IMF.GFSCOFOG.GEAT_G14_GDP_PT,"Expenditure on transport, Percent of GDP",Central government (excl. social security funds),-,-,-,0.61,0.68,0.88,0.99,0.33,0.85,1.04,0.94,1.3,1.5,1.32,1.23,1.19,1.39,1.47,
73676,THA,Thailand,IMF.GFSCOFOG.GEAT_G14_GDP_PT,"Expenditure on transport, Percent of GDP",Central government (incl. social security funds),-,-,-,0.61,0.68,0.88,0.99,0.33,0.85,1.04,0.94,1.3,1.5,1.32,1.23,1.19,1.39,1.47,
73677,THA,Thailand,IMF.GFSCOFOG.GEAT_G14_GDP_PT,"Expenditure on transport, Percent of GDP",Extrabudgetary central government,-,-,-,0.03,0.02,0.05,0.03,0.02,0.03,0.05,0.04,0.08,0.06,0.05,0.08,0.04,0.07,0.05,
73678,THA,Thailand,IMF.GFSCOFOG.GEAT_G14_GDP_PT,"Expenditure on transport, Percent of GDP",General government,-,-,-,,,,,,,1.04,0.94,1.3,1.5,1.32,1.23,1.19,1.39,1.47,
73679,THA,Thailand,IMF.GFSCOFOG.GEAT_G14_GDP_PT,"Expenditure on transport, Percent of GDP",Local governments,-,-,-,,,,,,,0,0,0,0,0,0,0,0,0,
73680,THA,Thailand,IMF.GFSCOFOG.GEAT_G14_GDP_PT,"Expenditure on transport, Percent of GDP",Social security funds,-,-,-,0,0,0,0,0,0,0,0,0,0,0,0,0,0,0,
75402,TTO,Trinidad and Tobago,IMF.GFSCOFOG.GEAT_G14_GDP_PT,"Expenditure on transport, Percent of GDP",Central government (incl. social security funds),-,-,-,2.44,1.72,1.81,1.62,0.93,1.35,1.2,1.28,1.03,1.58,0.79,1.08,,,,
75546,TUN,Tunisia,IMF.GFSCOFOG.GEAT_G14_GDP_PT,"Expenditure on transport, Percent of GDP",Budgetary central government,-,-,-,0.77,0.91,0.92,1.04,1.14,0.78,,,,,,,,,,
75547,TUN,Tunisia,IMF.GFSCOFOG.GEAT_G14_GDP_PT,"Expenditure on transport, Percent of GDP",Central government (excl. social security funds),-,-,-,,,,,,,,,,,,,,,,
75548,TUN,Tunisia,IMF.GFSCOFOG.GEAT_G14_GDP_PT,"Expenditure on transport, Percent of GDP",Central government (incl. social security funds),-,-,-,0.77,0.91,0.92,1.04,1.14,0.78,,,,,,,,,,
75549,TUN,Tunisia,IMF.GFSCOFOG.GEAT_G14_GDP_PT,"Expenditure on transport, Percent of GDP",Extrabudgetary central government,-,-,-,,,,,,,,,,,,,,,,
75550,TUN,Tunisia,IMF.GFSCOFOG.GEAT_G14_GDP_PT,"Expenditure on transport, Percent of GDP",Social security funds,-,-,-,0,0,0,0,0,0,,,,,,,,,,
76000,TUR,Turkiye,IMF.GFSCOFOG.GEAT_G14_GDP_PT,"Expenditure on transport, Percent of GDP",Budgetary central government,-,-,-,,1.12,1.21,1.64,1.32,1.3,1.35,1.1,1.06,1.53,1.14,1.15,1.25,1.62,1.26,
76001,TUR,Turkiye,IMF.GFSCOFOG.GEAT_G14_GDP_PT,"Expenditure on transport, Percent of GDP",Central government (excl. social security funds),-,-,-,,1.14,1.22,1.67,1.35,1.3,1.35,1.1,1,1.53,1.17,1.3,1.38,1.76,1.38,
76002,TUR,Turkiye,IMF.GFSCOFOG.GEAT_G14_GDP_PT,"Expenditure on transport, Percent of GDP",Central government (incl. social security funds),-,-,-,,1.14,1.22,1.67,1.35,1.3,1.35,1.1,1,1.53,1.17,1.3,1.38,1.76,1.38,
76003,TUR,Turkiye,IMF.GFSCOFOG.GEAT_G14_GDP_PT,"Expenditure on transport, Percent of GDP",Extrabudgetary central government,-,-,-,,0.01,0.01,0.02,0.02,0,0,0,0,0,0.12,0.24,0.23,0.26,0.21,
76004,TUR,Turkiye,IMF.GFSCOFOG.GEAT_G14_GDP_PT,"Expenditure on transport, Percent of GDP",General government,-,-,-,,1.75,1.91,2.23,1.9,1.75,1.65,1.39,1.43,1.97,1.47,1.86,1.7,2.03,1.68,
76005,TUR,Turkiye,IMF.GFSCOFOG.GEAT_G14_GDP_PT,"Expenditure on transport, Percent of GDP",Local governments,-,-,-,,0.62,0.68,0.57,0.55,0.45,0.31,0.3,0.43,0.44,0.31,0.57,0.33,0.27,0.31,
76006,TUR,Turkiye,IMF.GFSCOFOG.GEAT_G14_GDP_PT,"Expenditure on transport, Percent of GDP",Social security funds,-,-,-,,0,0,0,0,0,0,0,0,0,0,0,0,0,0,
77163,UGA,Uganda,IMF.GFSCOFOG.GEAT_G14_GDP_PT,"Expenditure on transport, Percent of GDP",Budgetary central government,-,-,-,1.19,1.1,1.45,1.53,1.23,1.95,2.03,2.33,2.31,1.95,2.18,1.52,1.28,1.93,2.51,
77164,UGA,Uganda,IMF.GFSCOFOG.GEAT_G14_GDP_PT,"Expenditure on transport, Percent of GDP",Local governments,-,-,-,0.13,0.14,0.11,0.15,0.15,0.1,0.1,0.08,0.11,0.09,0.08,0.08,0.05,,,
77587,UKR,Ukraine,IMF.GFSCOFOG.GEAT_G14_GDP_PT,"Expenditure on transport, Percent of GDP",Budgetary central government,-,-,-,1.6,1.02,1.15,1.05,1.01,0.8,0.78,0.72,0.27,0.41,0.53,0.63,0.75,2.11,2.26,
77588,UKR,Ukraine,IMF.GFSCOFOG.GEAT_G14_GDP_PT,"Expenditure on transport, Percent of GDP",Central government (excl. social security funds),-,-,-,1.6,1.02,1.15,1.05,1.01,0.8,0.78,0.72,0.27,0.41,0.53,0.63,0.75,2.11,2.26,
77589,UKR,Ukraine,IMF.GFSCOFOG.GEAT_G14_GDP_PT,"Expenditure on transport, Percent of GDP",Central government (incl. social security funds),-,-,-,1.6,1.02,1.15,1.05,1.01,0.8,0.78,0.72,0.27,0.41,0.53,0.63,0.75,2.11,2.26,
77590,UKR,Ukraine,IMF.GFSCOFOG.GEAT_G14_GDP_PT,"Expenditure on transport, Percent of GDP",General government,-,-,-,2.14,1.4,1.38,1.29,1.3,1.07,1.03,1,0.68,0.99,1.49,1.82,1.78,3.27,3.33,
77591,UKR,Ukraine,IMF.GFSCOFOG.GEAT_G14_GDP_PT,"Expenditure on transport, Percent of GDP",Local governments,-,-,-,0.54,0.37,0.23,0.25,0.29,0.27,0.25,0.27,0.4,0.58,0.97,1.19,1.02,1.15,1.08,
77592,UKR,Ukraine,IMF.GFSCOFOG.GEAT_G14_GDP_PT,"Expenditure on transport, Percent of GDP",Social security funds,-,-,-,0,0,0,0,0,0,0,0,0,0,0,0,0,0,0,
2364,ARE,United Arab Emirates,IMF.GFSCOFOG.GEAT_G14_GDP_PT,"Expenditure on transport, Percent of GDP",Budgetary central government,-,-,-,,,,,,,,,,,,,,,,
2365,ARE,United Arab Emirates,IMF.GFSCOFOG.GEAT_G14_GDP_PT,"Expenditure on transport, Percent of GDP",Central government (incl. social security funds),-,-,-,,,,,,,,,,,,,,,,
27146,GBR,United Kingdom,IMF.GFSCOFOG.GEAT_G14_GDP_PT,"Expenditure on transport, Percent of GDP",Budgetary central government,-,-,-,1.17,1.37,1.42,1.17,1.14,1.24,1.15,1.25,1.25,1.12,1.26,1.18,1.25,1.81,1.79,
27147,GBR,United Kingdom,IMF.GFSCOFOG.GEAT_G14_GDP_PT,"Expenditure on transport, Percent of GDP",Central government (excl. social security funds),-,-,-,1.17,1.37,1.42,1.17,1.14,1.24,1.15,1.25,1.25,1.12,1.26,1.18,1.25,1.81,1.79,
27148,GBR,United Kingdom,IMF.GFSCOFOG.GEAT_G14_GDP_PT,"Expenditure on transport, Percent of GDP",Central government (incl. social security funds),-,-,-,1.17,1.37,1.42,1.17,1.14,1.24,1.15,1.25,1.25,1.12,1.26,1.18,1.25,1.81,1.79,
27149,GBR,United Kingdom,IMF.GFSCOFOG.GEAT_G14_GDP_PT,"Expenditure on transport, Percent of GDP",General government,-,-,-,1.71,1.96,1.96,1.83,1.67,1.65,1.57,1.71,1.75,1.62,1.69,1.56,1.63,2.19,2.14,
27150,GBR,United Kingdom,IMF.GFSCOFOG.GEAT_G14_GDP_PT,"Expenditure on transport, Percent of GDP",Local governments,-,-,-,0.87,0.98,0.99,0.98,0.92,0.87,0.83,0.82,0.81,0.75,0.59,0.55,0.54,0.62,0.54,
78905,USA,United States,IMF.GFSCOFOG.GEAT_G14_GDP_PT,"Expenditure on transport, Percent of GDP",Central government (incl. social security funds),-,-,-,,,,,,,,,,,,,,,,
78906,USA,United States,IMF.GFSCOFOG.GEAT_G14_GDP_PT,"Expenditure on transport, Percent of GDP",State governments,-,-,-,,,,,,,,,,,,,,,,
78545,URY,Uruguay,IMF.GFSCOFOG.GEAT_G14_GDP_PT,"Expenditure on transport, Percent of GDP",Budgetary central government,-,-,-,,,,,,,,,,,,,,,,
78546,URY,Uruguay,IMF.GFSCOFOG.GEAT_G14_GDP_PT,"Expenditure on transport, Percent of GDP",Central government (incl. social security funds),-,-,-,,,,,,,,,,,,,,,,
78547,URY,Uruguay,IMF.GFSCOFOG.GEAT_G14_GDP_PT,"Expenditure on transport, Percent of GDP",Extrabudgetary central government,-,-,-,,,,,,,,,,,,,,,,
78548,URY,Uruguay,IMF.GFSCOFOG.GEAT_G14_GDP_PT,"Expenditure on transport, Percent of GDP",Social security funds,-,-,-,,,,,,,,,,,,,,,,
80665,YEM,"Yemen, Rep.",IMF.GFSCOFOG.GEAT_G14_GDP_PT,"Expenditure on transport, Percent of GDP",Budgetary central government,-,-,-,,,,,,,,,,,,,,,,
82132,ZMB,Zambia,IMF.GFSCOFOG.GEAT_G14_GDP_PT,"Expenditure on transport, Percent of GDP",Budgetary central government,-,-,-,0.02,0.01,0.01,0.03,0.08,0.08,0.18,0.02,0.06,0.01,0,,0,0.07,0.07,
82373,ZWE,Zimbabwe,IMF.GFSCOFOG.GEAT_G14_GDP_PT,"Expenditure on transport, Percent of GDP",Central government (excl. social security funds),-,-,-,,,,,,,,,,,,,,,,
82374,ZWE,Zimbabwe,IMF.GFSCOFOG.GEAT_G14_GDP_PT,"Expenditure on transport, Percent of GDP",Central government (incl. social security funds),-,-,-,,,,,,,,,,,,,,,,
82375,ZWE,Zimbabwe,IMF.GFSCOFOG.GEAT_G14_GDP_PT,"Expenditure on transport, Percent of GDP",Local governments,-,-,-,,,,,,,,,,,,,,,,